municipality_id,municipality,2001,2002,2003,2004,2005,2006,2007,2008,2009,2010,2011,2012,2013,2014,2015,2016,2017,2018,2019,2020,2021
4101,Aš,17009,17096,17274,17266,17268,17384,17739,17879,17949,17949,17592,17612,17622,17653,17640,17688,17643,17655,17695,17611,16871
2101,Benešov,52716,52982,53180,53216,53516,54116,54893,55582,56097,56629,57341,57815,58165,58576,58981,59365,59740,60380,61022,61335,61122
2102,Beroun,49314,49583,50082,50677,51441,52400,53587,54706,55428,56469,57162,58157,58907,59916,60809,61690,62706,63843,64927,66087,66476
4201,Bílina,20515,20510,20490,20540,20553,20639,20679,20878,20929,20844,20818,20827,21790,22119,22413,22546,22590,22542,22600,22508,19400
8101,Bílovec,25863,25854,25803,25831,25778,25798,25852,25914,25926,25953,25958,25873,25885,25809,25716,25649,25582,25620,25622,25650,25463
6201,Blansko,53803,53681,53831,53965,54354,54803,55204,55508,55664,55848,55566,55976,56270,56379,56523,56624,56848,56965,57126,57045,56155
3101,Blatná,13655,13641,13621,13572,13585,13655,13761,13913,13987,13816,13860,13833,13833,13790,13787,13708,13705,13661,13668,13604,13328
3201,Blovice,10958,10931,11022,11058,11152,11217,11378,11541,11556,11628,11697,11759,11811,11870,11926,11981,12068,12157,12185,12234,12200
8102,Bohumín,34699,34625,34558,34598,34529,34579,34655,34831,34819,34776,34121,34051,34037,33910,33719,33521,33354,33419,33366,33178,33308
6202,Boskovice,50226,50186,50216,50025,50171,50313,50459,50740,50875,51036,51281,51378,51476,51546,51603,51624,51697,51836,52010,52059,51757
2103,Brandýs nad Labem-Stará Boleslav,65637,66553,67456,69585,71933,74419,78182,83386,87006,90107,93274,95579,97991,100434,102715,105298,107915,110899,113282,115454,114553
6204,Břeclav,59380,58992,58776,58733,58664,58651,58716,58832,58829,58781,59797,59742,59682,59722,59854,59743,59726,59668,59715,59604,58281
6203,Brno,373272,370505,369559,367729,366757,366680,368533,370592,371399,371371,378965,378327,377508,377440,377028,377973,379527,380681,381346,382405,379466
5201,Broumov,17630,17573,17489,17410,17328,17318,17264,17166,17076,16988,16782,16667,16568,16456,16357,16264,16123,16021,15876,15797,15476
8103,Bruntál,39542,39448,39359,39216,39049,38979,38940,38895,38723,38667,38235,38013,37786,37522,37193,36947,36666,36567,36418,36078,35566
6205,Bučovice,15696,15741,15795,15764,15713,15740,15727,15744,15834,15891,15942,15932,15970,15994,15971,16013,16031,16084,16111,16190,16225
6101,Bystřice nad Pernštejnem,21054,21004,20934,20889,20816,20704,20629,20622,20489,20391,20359,20172,20190,20069,20008,19926,19810,19810,19755,19665,19463
7201,Bystřice pod Hostýnem,16001,15966,15928,15978,15971,16002,16000,16048,16019,16002,15783,15716,15677,15629,15578,15475,15377,15322,15242,15225,14956
2104,Čáslav,24332,24422,24523,24497,24592,24759,24825,24840,24997,25095,25064,25125,25153,25235,25351,25417,25577,25652,25663,25862,25716
2105,Černošice,83894,86088,88190,91348,95580,100322,106048,112211,116730,120990,124799,128326,131206,134351,137523,140208,142910,146004,149338,152285,151093
5101,Česká Lípa,76143,76380,76412,76608,76523,76340,76906,77508,77535,77621,76623,76579,76373,76527,76681,76666,76826,76838,76998,76704,75831
5301,Česká Třebová,19297,19193,19096,19088,18992,18884,18815,18782,18712,18614,18583,18487,18382,18364,18298,18215,18102,18088,17969,17853,17644
3102,České Budějovice,147695,147798,148028,148266,149370,150481,152171,153269,154323,155315,154786,155589,156207,157018,157925,158976,160269,161376,162553,163160,162394
2106,Český Brod,16556,16586,16683,16825,17044,17306,17778,18141,18422,18728,19262,19545,19825,20032,20367,20641,20988,21294,21537,21852,19766
3103,Český Krumlov,40648,40793,40836,40907,41163,41341,41544,41762,41894,41917,41664,41639,41685,41690,41700,41674,41647,41707,41687,41447,40714
8104,Český Těšín,27351,27236,27209,27101,26987,26869,26738,26712,26650,26592,26310,26300,26210,26179,26089,25953,25939,25801,25687,25478,24826
4102,Cheb,49816,50263,50539,50862,51158,51748,52736,52927,52766,52765,50992,50721,50396,50155,50072,50151,49944,49957,49955,49917,47890
4203,Chomutov,80957,80912,81027,81280,81251,81245,81632,81977,82100,82953,82013,81786,81826,81674,81572,81537,81515,81640,81662,81553,79204
6104,Chotěboř,22347,22354,22401,22380,22531,22431,22698,22805,22767,22647,22427,22338,22221,22206,22117,22050,21972,21903,21872,21763,21532
5304,Chrudim,82090,81955,81786,81766,81774,81988,82330,82848,82934,82897,83022,82941,82871,82926,82817,82979,83129,83320,83596,83692,82981
3104,Dačice,20231,20224,20191,20136,20078,20039,20003,19985,19870,19834,19704,19601,19518,19379,19210,19086,18954,18857,18783,18672,18396
4202,Děčín,79141,79097,79127,79049,79309,79789,80370,80419,80504,79982,78569,78588,78204,78006,77902,77715,77493,77031,76842,76131,74944
2107,Dobříš,18715,18841,18921,18941,19079,19203,19599,20129,20393,20763,21237,21536,21757,21963,22150,22353,22527,22791,23079,23263,23359
5202,Dobruška,19714,19760,19786,19796,19903,19889,19984,20063,20052,20106,20169,20293,20212,20220,20173,20164,20183,20232,20190,20128,19907
3202,Domažlice,39243,39252,39228,39226,39168,39282,39636,40008,40196,40286,40212,40296,40299,40374,40510,40491,40610,40662,40679,40464,39785
5203,Dvůr Králové nad Labem,27189,27103,27063,27105,27142,27223,27339,27480,27435,27419,27416,27398,27369,27291,27202,27120,27081,26973,26949,26885,26622
8105,Frenštát pod Radhoštěm,18765,18790,18863,18770,18793,18828,18957,19102,19106,19157,19079,19120,19135,19226,19303,19384,19391,19509,19541,19506,19303
8106,Frýdek-Místek,108428,108453,108517,108506,108767,108988,109395,109796,109977,110279,110128,110532,110645,110981,111266,111584,111713,112033,112433,112289,111311
5102,Frýdlant,24218,24231,24313,24349,24419,24545,24673,24888,24995,24966,24865,24763,24645,24571,24542,24491,24515,24496,24479,24510,24268
8107,Frýdlant nad Ostravicí,22067,22213,22373,22405,22449,22501,22754,23016,23224,23498,23698,23941,24062,24355,24452,24607,24727,24909,24950,25135,24915
8108,Havířov,99589,99417,99185,99131,98732,98679,98555,98172,97595,96839,93319,92319,91151,90107,89271,88467,87576,87096,86494,85578,84518
6102,Havlíčkův Brod,51403,51440,51606,51609,51669,51776,52178,52610,52455,52472,52107,52167,52153,52246,52220,52280,52329,52652,52932,52852,52820
5302,Hlinsko,21723,21627,21610,21534,21492,21488,21530,21503,21505,21498,21349,21265,21172,21222,21128,21056,21029,21024,21017,21016,20765
8109,Hlučín,39789,39645,39636,39601,39608,39723,39860,40020,40101,40252,40178,40224,40284,40247,40385,40513,40599,40603,40639,40656,40254
6206,Hodonín,62885,62315,62032,61968,61862,61711,61606,61592,61542,61314,61437,61402,61307,61204,61042,60916,60818,60809,60685,60579,59605
7202,Holešov,21619,21632,21597,21601,21641,21618,21680,21737,21880,21789,21576,21499,21512,21374,21381,21423,21451,21504,21540,21519,21425
5303,Holice,15521,15672,15851,16071,16235,16497,16750,17060,17145,17234,17275,17307,17389,17473,17486,17525,17693,17754,17910,18044,17945
3203,Horažďovice,12283,12299,12240,12194,12187,12221,12185,12197,12205,12180,12118,12010,11911,11823,11707,11648,11640,11608,11535,11525,11415
5204,Hořice,18292,18304,18132,18145,18138,18398,18790,18765,18798,18790,18521,18463,18374,18373,18354,18375,18441,18444,18377,18354,18087
2108,Hořovice,26541,26518,26691,26857,27017,27186,27720,28235,28393,28612,28894,29027,29057,29256,29359,29540,29647,29883,30131,30316,30148
3204,Horšovský Týn,13434,13469,13495,13584,13690,13820,13987,14071,14221,14261,14263,14276,14328,14337,14404,14583,14574,14688,14825,14804,14606
5205,Hradec Králové,143529,143232,142918,142931,143148,143413,144187,145130,145664,145977,145280,145176,145157,145310,145657,145830,146131,146262,146899,147018,144847
7101,Hranice,34920,34870,34882,34804,34744,34788,34860,34823,34703,34699,34649,34622,34492,34424,34338,34397,34269,34141,34146,34055,33567
6103,Humpolec,16840,16840,16874,16814,16839,16942,17123,17203,17174,17202,17331,17421,17430,17440,17495,17488,17568,17732,17852,17918,17710
6207,Hustopeče,34452,34362,34439,34551,34593,34696,34849,35000,35158,35411,35405,35503,35536,35549,35653,35839,36008,36108,36311,36469,36205
6208,Ivančice,23058,23080,23188,23485,23434,23242,23693,23761,23823,23718,24037,24042,23993,23996,23994,24150,24251,24378,24459,24653,24509
5103,Jablonec nad Nisou,52956,53092,53126,52949,53297,53539,54043,54444,54657,54799,54710,54909,55166,55375,55323,55692,55891,56094,56206,55812,55814
8110,Jablunkov,22574,22532,22552,22511,22505,22464,22502,22505,22512,22572,22634,22711,22773,22779,22677,22706,22686,22703,22664,22676,22364
5206,Jaroměř,19180,19142,19138,19039,19134,19147,19296,19370,19366,19393,19348,19458,19358,19290,19333,19291,19290,19305,19273,19232,19176
7102,Jeseník,42399,42251,42148,42014,41891,41827,41565,41404,41255,41095,40486,40189,39910,39584,39261,38957,38659,38330,37968,37709,36752
5207,Jičín,46028,45906,45754,45703,45904,46402,46723,47373,47384,47839,47725,47477,47477,47679,47771,47776,47897,48057,48382,48493,47589
6105,Jihlava,96325,96339,96523,96550,97340,97800,98202,98946,99421,99634,99345,99419,99479,99691,99951,100018,100363,100623,101074,101144,99606
5104,Jilemnice,22962,22967,22980,22857,22750,22702,22600,22571,22542,22552,22560,22524,22463,22338,22273,22239,22118,22105,22137,21954,21605
3105,Jindřichův Hradec,47173,47252,47310,47377,47435,47360,47359,47934,48017,48018,47634,47595,47552,47575,47377,47242,47131,47076,47113,46938,46461
4204,Kadaň,43869,43832,43829,43824,43980,43795,44111,44376,44338,44265,43745,43520,43137,42970,42763,42712,42832,43111,43284,43047,42276
3106,Kaplice,18852,19024,19105,19237,19545,19660,19717,19754,19741,19789,19669,19592,19488,19420,19426,19481,19540,19674,19869,19873,19382
4103,Karlovy Vary,90109,89640,89180,89054,88453,88434,89284,89983,90076,89959,89409,88969,88633,88592,88048,87589,87280,87166,87182,87001,83689
8111,Karviná,74808,74452,74143,74148,74193,73997,74045,74011,73240,71692,69999,69158,68249,67414,66569,65819,65010,64316,63614,61718,60854
2109,Kladno,114466,114513,114859,114611,115210,116041,117593,119161,120239,121936,119859,120572,121187,121872,122445,123271,124013,124891,125957,126065,123904
3205,Klatovy,50473,50272,50268,50311,50482,50826,51185,51447,51544,51513,50799,50751,50598,50588,50549,50511,50479,50564,50720,50690,49748
2110,Kolín,74295,74209,74365,74347,75234,75645,77134,78125,78734,79026,79549,79877,80064,80313,80699,81251,81797,82678,83500,84404,84128
7103,Konice,11952,11881,11815,11782,11745,11647,12882,12850,12781,12787,12780,11049,10984,10909,10824,10754,10744,10667,10634,10646,10553
8112,Kopřivnice,41782,41629,41533,41533,41535,41621,41668,41611,41543,41478,41408,41256,41209,41090,41061,41007,40848,40763,40755,40566,40184
5208,Kostelec nad Orlicí,24592,24695,24735,24724,24743,24800,25015,25081,25126,25129,24988,24924,24872,24887,24905,24810,24891,24876,24892,25032,24858
5305,Králíky,9442,9345,9330,9285,9232,9216,9192,9175,9080,9060,8931,8910,8860,8804,8719,8643,8555,8649,8676,8618,8376
3206,Kralovice,21846,21863,21896,21988,21994,22046,22158,22305,22358,22426,22353,22283,22274,22178,22192,22274,22253,22343,22367,22490,22495
2111,Kralupy nad Vltavou,26768,26845,26852,26906,26963,26904,27547,28476,29305,29948,30429,30399,30455,30802,30929,31306,31590,32001,32515,32924,32665
4104,Kraslice,14066,13997,14050,14094,14141,14059,14002,14114,14075,14046,13801,13705,13617,13529,13408,13269,13177,13153,13184,13001,12666
8113,Kravaře,20802,20875,20986,21039,21069,21035,21146,21276,21320,21368,21293,21324,21280,21353,21251,21266,21263,21315,21356,21302,21023
8114,Krnov,43173,43056,42881,42739,42598,42459,42567,42367,42334,42207,41816,41680,41370,41145,40814,40533,40300,40113,39938,39792,39120
7203,Kroměříž,70175,70114,70100,70073,69952,70053,70109,70090,70137,70264,69961,69780,69503,69465,69335,69141,68842,68746,68561,68082,67064
6209,Kuřim,18208,18425,18799,19272,19494,19836,20439,20813,21277,21647,21845,21956,22198,22380,22614,22743,22855,23003,23345,23554,23345
2112,Kutná Hora,49042,48915,48929,48798,49010,49630,49760,50010,49942,49909,49269,49234,49084,49009,49144,49280,49612,49718,50165,50448,49967
6210,Kyjov,56250,56348,56258,56199,56080,56040,56016,56072,56065,56077,55963,55832,55790,55764,55521,55493,55484,55461,55543,55530,54837
5306,Lanškroun,21657,21746,21805,21903,21868,22050,22623,22824,22917,22991,23017,23101,23148,23170,23206,23176,23179,23208,23140,23085,22498
5105,Liberec,133380,133066,133370,133355,134309,135611,137051,138769,139850,140426,140749,141134,141555,141986,142929,143645,144077,144878,145676,145386,144062
7104,Lipník nad Bečvou,15376,15334,15265,15303,15333,15394,15399,15457,15435,15413,15370,15379,15267,15289,15286,15252,15177,15167,15130,15099,14960
4205,Litoměřice,57681,57610,57801,57930,57573,56578,58672,59131,58807,58586,59388,59341,59161,59134,59188,59241,59192,59118,59110,58756,57785
5307,Litomyšl,26082,26156,26189,26116,26171,26207,26284,26517,26776,26773,26783,26841,26729,26674,26636,26712,26898,27136,27205,27108,26780
7105,Litovel,23398,23425,23494,23435,23414,23451,23674,23627,23697,23653,23688,23727,23748,23804,23771,23755,23743,23734,23715,23594,23524
4206,Litvínov,40103,39990,39976,40011,40203,40233,40382,40849,40813,40483,39156,38691,38331,38013,37724,37578,37458,37214,37035,36934,35650
4207,Louny,42816,42854,42825,42936,42831,43021,43358,43654,43740,43795,43721,43683,43513,43463,43437,43471,43501,43514,43640,43467,42895
4208,Lovosice,26665,26705,26674,26739,26631,26234,26933,27003,27061,27110,27617,27702,27609,27557,27445,27494,27550,27660,27750,27615,27238
7204,Luhačovice,19772,19746,19692,19628,19567,19450,19451,19408,19270,19153,19104,18996,18877,18778,18818,18814,18796,18716,18624,18567,18272
2113,Lysá nad Labem,16269,16756,17198,17881,18518,19341,20263,20843,21482,22123,22876,23427,23881,24362,24767,25320,25870,26461,26907,27145,29537
4105,Mariánské Lázně,25024,24809,24824,24715,24686,24603,24728,24646,24586,24607,24405,24224,24193,24211,24139,23998,23976,23928,23984,23906,23197
2114,Mělník,40105,40013,40283,40256,40465,40475,41036,41918,42176,42637,43323,43144,43007,43180,43365,43611,43865,44316,44600,44798,44757
6211,Mikulov,19907,19854,19732,19696,19663,19607,19606,19647,19619,19650,19651,19695,19760,19778,19827,19850,20023,20130,20265,20409,20315
3107,Milevsko,19253,19146,19079,19048,18987,18933,18859,18822,18830,18788,18614,18546,18486,18466,18476,18349,18251,18187,18235,18175,18025
2115,Mladá Boleslav,97795,97746,98289,98544,99729,102109,104778,107137,106848,106455,107403,107892,108209,109001,109186,109514,110268,111466,112464,113005,109665
2116,Mnichovo Hradiště,15238,15200,15214,15479,15650,15774,16001,16226,16293,16361,16333,16578,16734,16930,17100,17311,17508,17670,17901,18037,17927
7106,Mohelnice,18793,18761,18737,18674,18668,18703,18726,18727,18736,18706,18714,18645,18592,18501,18393,18305,18261,18291,18362,18403,18212
5308,Moravská Třebová,27710,27581,27542,27441,27365,27293,27300,27201,27138,27119,26839,26697,26560,26512,26346,26315,26311,26267,26138,25972,25775
6106,Moravské Budějovice,24411,24340,24346,24391,24308,24355,24438,24372,24267,24187,23945,23732,23564,23397,23330,23298,23208,23122,23098,22915,22697
6212,Moravský Krumlov,22309,22317,22355,22334,22297,22267,22324,22282,22324,22270,22199,22235,22212,22201,22215,22293,22329,22369,22452,22506,22425
4209,Most,76897,76796,76755,76674,76633,76599,76346,76445,76461,76314,75639,76314,76088,75844,75647,75303,75136,74835,74673,73999,71123
5209,Náchod,61374,61478,61407,61447,61472,61432,61548,61687,61509,61499,61687,61378,61304,61089,60903,60689,60720,60674,60595,60342,59412
6107,Náměšť nad Oslavou,13715,13576,13544,13482,13430,13411,13406,13405,13382,13416,13497,13450,13387,13346,13327,13338,13413,13453,13440,13418,13329
3207,Nepomuk,11247,11172,11229,11215,11226,11178,11305,11681,11661,11604,11728,11713,11695,11619,11575,11479,11476,11563,11583,11603,11066
2117,Neratovice,27784,27914,28140,28242,28374,28564,29113,29655,29849,30043,30417,30605,30689,30991,31300,31599,31782,32035,32187,32265,31932
5210,Nová Paka,13204,13158,13180,13183,13264,13298,13339,13447,13436,13536,13440,13374,13317,13323,13365,13342,13294,13281,13286,13287,13037
6108,Nové Město na Moravě,19464,19515,19535,19526,19488,19540,19670,19799,19619,19566,19472,19429,19429,19411,19341,19330,19276,19401,19386,19366,19169
5211,Nové Město nad Metují,14296,14255,14389,14323,14359,14405,14399,14359,14391,14414,14389,14371,14365,14295,14276,14274,14287,14240,14214,14116,13909
5106,Nový Bor,25939,25803,25910,25903,26069,26122,26348,26482,26609,26657,26529,26458,26438,26289,26340,26309,26268,26297,26302,26294,26131
5212,Nový Bydžov,17047,16996,16967,16949,16959,16999,17162,17247,17347,17401,17540,17513,17494,17498,17502,17439,17389,17409,17384,17417,17553
8115,Nový Jičín,48404,48294,48202,48133,48178,48217,48389,48404,48529,48510,48345,48410,48453,48483,48584,48634,48777,48907,48731,48743,48118
2118,Nymburk,36382,36494,36622,36636,36631,36779,37294,37658,37963,38296,38974,39178,39260,39384,39509,39512,39770,39949,40183,40495,40221
3208,Nýřany,47168,47514,48014,48512,49117,49869,50903,51698,52336,53044,53365,53949,54399,54844,55286,55733,56308,56935,57612,58181,58171
8116,Odry,17688,17701,17665,17603,17551,17493,17486,17475,17459,17426,17432,17301,17217,17116,17098,17063,16968,16881,16928,16933,16851
7107,Olomouc,158633,158352,158479,158433,158636,159005,160044,160720,161262,161802,161754,162136,162502,163215,163813,163599,163995,164535,165165,165404,164208
8117,Opava,102876,102609,102311,102157,101865,101771,101728,101846,101719,101646,101874,101758,101750,101661,101646,101408,101168,101006,100967,100582,99316
8118,Orlová,43327,43113,42880,42560,42219,41630,41404,41137,40833,40513,39326,39091,38693,38335,37870,37610,37498,37255,37163,36827,36813
8119,Ostrava,342310,340997,340124,338706,337752,337197,336811,336735,335425,333579,329961,328323,326874,325640,324311,323464,322419,321273,320145,317322,312104
4106,Ostrov,28659,29185,28998,29371,29330,29320,29881,29940,29356,29330,29043,28899,28664,28424,28316,28196,28048,27848,27636,27373,26363
7205,Otrokovice,35286,35290,35154,35028,34947,34801,34901,35005,34987,34937,34885,34721,34655,34589,34482,34393,34302,34292,34276,33972,33487
6109,Pacov,10258,10175,10095,10068,10080,10010,10005,10011,9955,9914,9811,9759,9691,9596,9581,9514,9485,9430,9364,9309,9207
5309,Pardubice,120865,120814,120213,119976,120708,121586,123308,125173,125960,126741,125827,126223,126476,127035,127477,128218,129076,130048,131691,132103,128883
6110,Pelhřimov,45586,45574,45562,45395,45420,45530,45830,46013,45888,45759,45318,45231,45103,45025,44985,44975,45090,45064,45086,45071,44654
3108,Písek,50935,51025,51040,51090,51157,51349,51451,51728,51760,51885,51846,51978,52018,52168,52265,52521,52816,53121,53352,53413,52744
3209,Plzeň,179950,179585,179330,177897,178064,178812,180799,185125,185855,184885,184871,185275,186077,187245,188190,189131,189747,191599,194280,194840,188407
4210,Podbořany,15689,15688,15835,15788,15837,15883,16043,16189,16157,16086,15843,15737,15679,15662,15701,15717,15662,15668,15678,15649,15472
2119,Poděbrady,28692,28552,28609,28724,28799,28928,29429,29798,29921,30270,30402,30531,30638,30723,30812,30780,30869,31095,31382,31575,31362
6213,Pohořelice,12417,12414,12524,12565,12588,12523,12626,12757,12914,13049,13295,13439,13589,13722,13849,14050,14211,14358,14599,14895,14982
5310,Polička,19577,19569,19434,19423,19369,19419,19445,19407,19528,19536,19689,19671,19641,19594,19587,19550,19577,19574,19611,19615,19435
3109,Prachatice,33660,33715,33800,33825,33786,33771,33812,33795,33830,33771,33485,33449,33426,33334,33292,33287,33332,33457,33458,33307,33078
5311,Přelouč,24050,23749,23519,23605,23660,23766,23868,24286,24376,24471,24648,24707,24704,24740,24873,25105,25253,25527,25840,25990,25396
7109,Přerov,85079,84691,84452,84074,84188,84486,84906,84442,84186,83820,83004,82661,82255,81933,81500,81282,81069,80617,80236,79747,78086
3210,Přeštice,19963,20041,20032,20235,20416,20609,21027,21453,21859,21938,22147,22203,22185,22200,22206,22323,22486,22586,22885,22905,22476
2120,Příbram,69509,69227,68955,68998,68961,68959,69281,69555,69545,69706,70166,70150,70089,70023,69996,69851,69864,69944,69951,69995,69222
7108,Prostějov,97821,97643,97624,97585,97684,97986,97097,97309,97433,97395,96759,98297,98239,98128,97969,98003,97925,97920,98012,97858,97027
2121,Rakovník,52482,52505,52612,52656,52703,52882,53635,54693,54959,55641,55498,55411,55329,55389,55258,55309,55407,55565,55562,55737,54898
2122,Říčany,40655,41472,42412,43506,45174,46666,48859,52098,54210,56296,58177,60009,61774,63568,65136,66616,68288,70046,71896,73485,73831
3211,Rokycany,45758,45574,45576,45707,45823,46117,46762,47341,47358,47207,47613,47770,47799,47887,47967,48184,48602,48966,49349,49489,48770
6214,Rosice,22799,22836,22968,23089,23220,23381,23954,24163,24208,24395,24671,24904,25092,25313,25507,25721,25887,26090,26284,26440,26446
4211,Roudnice nad Labem,30076,30182,30478,30583,30644,30631,31554,32109,32172,32245,32245,32275,32300,32275,32529,32607,32811,32877,32808,32806,32559
7206,Rožnov pod Radhoštěm,35392,35351,35208,35314,35259,35271,35339,35376,35321,35363,35406,35366,35356,35248,35227,35172,35206,35183,35175,35043,34565
4212,Rumburk,33887,33926,34018,34144,34182,34220,34473,34710,34585,34600,33646,33556,33425,33366,33161,32939,32776,32795,32795,32529,31999
5213,Rychnov nad Kněžnou,33957,33942,33888,33880,33994,34064,34043,34054,34060,33917,33929,33952,33849,33819,33783,33798,33905,33980,34301,34173,33659
8120,Rýmařov,17270,17154,17088,17002,16896,16735,16641,16606,16576,16495,16278,16180,16016,15906,15711,15600,15487,15338,15241,15101,14861
2123,Sedlčany,22167,22076,22034,22005,21974,22023,22013,22030,22131,22109,22259,22219,22187,22098,22060,22015,22012,22043,22074,21978,21785
5107,Semily,26929,26833,26624,26544,26451,26382,26488,26498,26430,26346,26241,26037,25878,25846,25719,25805,25709,25659,25675,25570,25300
2124,Slaný,36703,36888,36935,36908,36953,37254,37721,38214,38476,38806,39274,39412,39580,39749,39811,39837,40038,40380,40526,40780,40589
6216,Šlapanice,51629,52440,53464,54667,55107,56157,57965,59169,60278,61383,62661,63498,64446,65569,66461,67446,68364,69537,70414,71102,70716
6215,Slavkov u Brna,19865,19974,20022,20230,20414,20694,20887,21107,21330,21548,21819,22055,22267,22579,22902,23109,23313,23560,24027,24274,24284
3110,Soběslav,22010,22025,22012,22002,22030,22089,22105,22155,22233,22237,22127,22071,22058,21983,21957,21966,21936,21914,21947,21962,21927
4107,Sokolov,79031,79230,79384,79226,79238,79054,79079,78914,78828,78788,77923,77596,77184,76729,76205,75858,75618,75189,75028,74502,72534
7110,Šternberk,24085,24024,23914,23920,23803,23834,23896,23921,23889,23827,23708,23657,23576,23621,23639,24164,24199,24221,24164,24087,23816
3212,Stod,20905,21049,21241,21349,21500,21749,22049,22341,22517,22718,22713,22774,22715,22842,22906,22993,23093,23250,23393,23389,23176
3111,Strakonice,45008,44845,44908,44781,44800,45011,45323,45446,45197,45173,45199,45154,45082,45262,45271,45290,45347,45305,45223,45001,44662
3213,Stříbro,16560,16529,16631,16454,16609,16532,16993,17216,17106,17253,16911,16901,16827,16860,16865,16888,16967,17050,17190,17166,16761
7111,Šumperk,73390,73131,72967,72652,72403,72266,72182,72189,72078,71857,71109,70838,70621,70288,69940,69707,69451,69242,68988,68513,67419
3214,Sušice,25131,25024,24969,24938,24960,24974,24975,25025,24972,24948,24705,24579,24547,24448,24361,24293,24199,24164,24150,24038,23451
6111,Světlá nad Sázavou,20770,20643,20515,20406,20333,20325,20342,20262,20201,20141,20136,20134,20054,20006,19892,19840,19771,19759,19690,19571,19340
5312,Svitavy,31764,31693,31682,31682,31652,31667,31727,31809,31766,31781,31801,31762,31692,31715,31620,31589,31530,31424,31379,31305,30876
3112,Tábor,80647,80504,80321,80197,80137,80233,80482,80623,80782,80833,80641,80612,80553,80481,80412,80329,80374,80583,80648,80489,79436
3215,Tachov,34681,34800,34942,34950,35140,35285,35732,36178,36119,36154,36214,36148,36004,36008,35972,36117,36314,36537,37146,37223,36180
5108,Tanvald,22044,21989,21874,21843,21872,21895,21878,21979,21966,21905,21455,21291,21080,20903,20806,20617,20508,20460,20412,20274,19919
6112,Telč,13779,13729,13657,13581,13523,13469,13455,13487,13490,13492,13257,13259,13156,13153,13088,13040,12981,12948,12975,12946,12809
4213,Teplice,105615,106125,106613,107087,107046,107341,108523,109192,109056,109088,107646,107439,107006,106732,106321,105930,105797,106068,106472,106322,105072
6217,Tišnov,27155,27192,27335,27417,27520,27656,28141,28549,28801,29066,29491,29778,29996,30248,30553,30836,31167,31482,31725,31895,31853
6113,Třebíč,76467,76374,76237,76230,76135,76221,76309,76251,76163,75987,75888,75651,75421,75333,75216,75015,74805,74494,74272,74004,73157
3114,Třeboň,25350,25370,25260,25145,25239,25238,25331,25379,25378,25328,25089,25026,24932,24824,24772,24797,24750,24720,24796,24669,24426
3113,Trhové Sviny,17226,17342,17505,17575,17688,17797,17998,18148,18244,18391,18488,18563,18654,18747,18815,18871,18969,19120,19267,19349,19234
8121,Třinec,56151,56000,55935,55894,55605,55632,55718,55753,55769,55751,55393,55264,55057,54872,54865,54731,54560,54542,54613,54487,53757
5214,Trutnov,65085,64777,64678,64523,64533,64500,64617,64771,64663,64486,64499,64381,64210,64100,64032,63839,63675,63555,63419,63046,61713
5109,Turnov,30853,30971,31113,31138,31333,31525,31718,31859,32064,32271,32544,32602,32745,32858,32953,33048,33198,33347,33623,33811,32632
3115,Týn nad Vltavou,13524,13688,13793,13798,13928,14045,14087,14167,14114,14093,14030,14112,14104,14096,14104,14098,14099,14089,14083,14093,13905
7207,Uherské Hradiště,90177,90070,89942,89873,89986,90020,90486,90819,90686,90580,90581,90411,90307,90332,90289,90091,90140,90062,90117,89670,88654
7208,Uherský Brod,54137,54046,54068,53856,53759,53711,53756,53714,53701,53623,53233,53083,52822,52657,52541,52463,52294,52244,52109,51960,51175
7112,Uničov,23042,22982,23035,23027,22978,22881,22993,23071,22995,22944,22882,22747,22648,22552,22532,22474,22407,22449,22428,22356,22040
4214,Ústí nad Labem,117525,117589,117594,117729,118633,119260,120197,121024,121458,121699,120259,119716,119519,119492,119512,119296,119498,119407,119338,118651,116916
5313,Ústí nad Orlicí,26690,26711,26741,26740,26668,26648,26614,26635,26631,26578,26717,26642,26538,26463,26368,26376,26348,26384,26573,26511,26106
7209,Valašské Klobouky,24155,24184,24223,24127,24055,23961,23917,23915,23841,23761,23656,23600,23535,23438,23341,23245,23178,23141,23102,23053,22727
7210,Valašské Meziříčí,42023,42027,41995,41973,41946,41943,42036,42209,42235,42178,41935,41843,41727,41669,41531,41504,41543,41631,41831,41727,41459
4215,Varnsdorf,20675,20608,20589,20585,20599,20567,20598,20581,20651,20656,20503,20396,20346,20327,20250,20133,20060,20005,19905,19789,19351
6114,Velké Meziříčí,34895,34868,34841,34918,34975,35230,35369,35575,35686,35762,35800,35868,35873,35947,35981,36020,36116,36235,36390,36428,36332
6218,Veselí nad Moravou,40516,40297,40155,39946,39769,39540,39554,39420,39287,39133,39117,38931,38645,38463,38310,38180,38051,37890,37715,37498,36654
3116,Vimperk,17720,17695,17677,17703,17684,17638,17658,17753,17721,17700,17596,17581,17512,17466,17420,17408,17368,17514,17520,17472,17152
8122,Vítkov,14245,14158,14107,14073,14111,14095,14086,14071,13993,13970,13828,13773,13696,13546,13460,13413,13355,13330,13274,13237,13160
7211,Vizovice,16089,16090,16048,16094,16220,16264,16341,16521,16591,16669,16791,16802,16830,16854,16844,16888,17021,17079,17153,17212,16981
2125,Vlašim,25959,25887,25853,25754,25698,25663,25762,25826,25835,25811,25795,25756,25756,25797,25751,25730,25776,25885,25947,25947,25744
3117,Vodňany,10981,11010,11055,11053,11154,11366,11603,11695,11722,11818,11706,11670,11599,11601,11625,11699,11708,11772,11881,11927,11783
2126,Votice,11915,11889,11908,11874,11860,11906,11976,12038,12159,12212,12309,12312,12352,12345,12353,12357,12456,12443,12445,12460,12457
5215,Vrchlabí,28212,28116,28039,28138,28347,28355,28506,28527,28095,27909,28143,28121,27983,27960,27808,27793,27782,27712,27610,27483,26738
7212,Vsetín,68521,68340,68163,67928,67824,67664,67594,67480,67351,67118,66901,66665,66485,66288,66159,65901,65735,65707,65522,65126,64147
6219,Vyškov,50532,50563,50673,50731,50636,50669,50905,51206,51524,51658,51581,51778,51804,51887,51942,52011,51981,52001,52142,52271,51808
5314,Vysoké Mýto,31991,31946,31969,32008,32148,32234,32467,32634,32613,32618,32625,32602,32624,32518,32498,32453,32384,32418,32454,32482,32082
7113,Zábřeh,33895,33814,33868,33720,33674,33626,33567,33597,33591,33683,33735,33662,33522,33463,33452,33276,33279,33178,33067,33051,32766
5315,Žamberk,28717,28777,28719,28647,28690,28808,29147,29331,29248,29253,29305,29284,29199,29162,29090,29175,29273,29495,29463,29462,28976
4216,Žatec,27339,27288,27237,27234,27268,27230,27309,27354,27366,27339,27218,27193,27186,27338,27261,27158,27209,27304,27373,27248,27014
6115,Žďár nad Sázavou,43953,43831,43828,43875,43880,43901,44023,44050,44035,43999,43244,43177,43058,43029,42943,42820,42729,42648,42627,42482,42200
5110,Železný Brod,11972,11989,12000,12017,12008,12113,12243,12327,12379,12399,12324,12297,12266,12158,12073,12124,12190,12182,12182,12161,12008
6221,Židlochovice,27244,27334,27506,27805,27860,28039,28826,29167,29608,29958,30501,31050,31415,31921,32333,32774,33168,33522,33816,33903,33663
7213,Zlín,100713,100274,99748,99233,99015,99081,99170,99090,99023,98924,99218,99211,99013,98940,99150,99188,99171,99294,99303,98963,97520
6220,Znojmo,89938,89964,89956,90069,90162,90318,90504,91025,91349,91450,91089,91197,91122,91198,91323,91424,91468,91735,91899,92046,91037
