"ico","year","Class of revenue","Revenue_CZK"
"00075370","2007/12","Daňové příjmy",3506289910
"00075370","2007/12","Kapitálové příjmy",254559860
"00075370","2007/12","Nedaňové příjmy",802475750
"00081531","2007/12","Daňové příjmy",1197814220
"00081531","2007/12","Kapitálové příjmy",5121600
"00081531","2007/12","Nedaňové příjmy",69915260
"00231401","2007/12","Daňové příjmy",193413950
"00231401","2007/12","Kapitálové příjmy",8194420
"00231401","2007/12","Nedaňové příjmy",128981260
"00232947","2007/12","Daňové příjmy",115317820
"00232947","2007/12","Kapitálové příjmy",979470
"00232947","2007/12","Nedaňové příjmy",44410530
"00232963","2007/12","Daňové příjmy",49519360
"00232963","2007/12","Kapitálové příjmy",9890620
"00232963","2007/12","Nedaňové příjmy",21964770
"00233129","2007/12","Daňové příjmy",212261560
"00233129","2007/12","Kapitálové příjmy",111723180
"00233129","2007/12","Nedaňové příjmy",22081170
"00233242","2007/12","Daňové příjmy",77220570
"00233242","2007/12","Kapitálové příjmy",4990040
"00233242","2007/12","Nedaňové příjmy",5241580
"00234516","2007/12","Daňové příjmy",805503650
"00234516","2007/12","Kapitálové příjmy",78379390
"00234516","2007/12","Nedaňové příjmy",161256650
"00234877","2007/12","Daňové příjmy",163112110
"00234877","2007/12","Kapitálové příjmy",36305610
"00234877","2007/12","Nedaňové příjmy",10385480
"00235334","2007/12","Daňové příjmy",66841340
"00235334","2007/12","Kapitálové příjmy",1595000
"00235334","2007/12","Nedaňové příjmy",3557470
"00235440","2007/12","Daňové příjmy",352533080
"00235440","2007/12","Kapitálové příjmy",143560040
"00235440","2007/12","Nedaňové příjmy",179027920
"00236021","2007/12","Daňové příjmy",128777040
"00236021","2007/12","Kapitálové příjmy",22510000
"00236021","2007/12","Nedaňové příjmy",41968810
"00236195","2007/12","Daňové příjmy",233108850
"00236195","2007/12","Kapitálové příjmy",74901450
"00236195","2007/12","Nedaňové příjmy",85945560
"00236977","2007/12","Daňové příjmy",180391930
"00236977","2007/12","Nedaňové příjmy",31539840
"00237051","2007/12","Daňové příjmy",201920580
"00237051","2007/12","Kapitálové příjmy",9565230
"00237051","2007/12","Nedaňové příjmy",25159000
"00237108","2007/12","Daňové příjmy",163605950
"00237108","2007/12","Kapitálové příjmy",2383200
"00237108","2007/12","Nedaňové příjmy",9031720
"00238295","2007/12","Daňové příjmy",566591700
"00238295","2007/12","Kapitálové příjmy",85873440
"00238295","2007/12","Nedaňové příjmy",34054270
"00238309","2007/12","Daňové příjmy",79640890
"00238309","2007/12","Kapitálové příjmy",2171800
"00238309","2007/12","Nedaňové příjmy",4108470
"00239402","2007/12","Daňové příjmy",80025020
"00239402","2007/12","Kapitálové příjmy",11087160
"00239402","2007/12","Nedaňové příjmy",6763640
"00239500","2007/12","Daňové příjmy",157978810
"00239500","2007/12","Kapitálové příjmy",27683300
"00239500","2007/12","Nedaňové příjmy",28252580
"00239640","2007/12","Daňové příjmy",150120900
"00239640","2007/12","Kapitálové příjmy",3367420
"00239640","2007/12","Nedaňové příjmy",17230380
"00240079","2007/12","Daňové příjmy",181145670
"00240079","2007/12","Kapitálové příjmy",8374590
"00240079","2007/12","Nedaňové příjmy",53772380
"00240702","2007/12","Daňové příjmy",149734270
"00240702","2007/12","Kapitálové příjmy",10130500
"00240702","2007/12","Nedaňové příjmy",44631440
"00241121","2007/12","Daňové příjmy",102425020
"00241121","2007/12","Kapitálové příjmy",14049830
"00241121","2007/12","Nedaňové příjmy",28473320
"00242098","2007/12","Daňové příjmy",81534240
"00242098","2007/12","Kapitálové příjmy",30638470
"00242098","2007/12","Nedaňové příjmy",13273050
"00243132","2007/12","Daňové příjmy",383607170
"00243132","2007/12","Kapitálové příjmy",51601190
"00243132","2007/12","Nedaňové příjmy",93929130
"00243272","2007/12","Daňové příjmy",73896790
"00243272","2007/12","Kapitálové příjmy",2600840
"00243272","2007/12","Nedaňové příjmy",36486540
"00244309","2007/12","Daňové příjmy",175957090
"00244309","2007/12","Kapitálové příjmy",34779640
"00244309","2007/12","Nedaňové příjmy",23853770
"00244732","2007/12","Daňové příjmy",1164135290
"00244732","2007/12","Kapitálové příjmy",53459270
"00244732","2007/12","Nedaňové příjmy",343411140
"00245551","2007/12","Daňové příjmy",43636110
"00245551","2007/12","Kapitálové příjmy",254430
"00245551","2007/12","Nedaňové příjmy",29051850
"00245585","2007/12","Daňové příjmy",78185330
"00245585","2007/12","Kapitálové příjmy",12411110
"00245585","2007/12","Nedaňové příjmy",16345500
"00245836","2007/12","Daňové příjmy",155389440
"00245836","2007/12","Kapitálové příjmy",30959940
"00245836","2007/12","Nedaňové příjmy",40380740
"00245941","2007/12","Daňové příjmy",77384640
"00245941","2007/12","Kapitálové příjmy",6814340
"00245941","2007/12","Nedaňové příjmy",20212340
"00246476","2007/12","Daňové příjmy",81243080
"00246476","2007/12","Kapitálové příjmy",13612580
"00246476","2007/12","Nedaňové příjmy",14509880
"00246875","2007/12","Daňové příjmy",249109410
"00246875","2007/12","Kapitálové příjmy",34661080
"00246875","2007/12","Nedaňové příjmy",86891840
"00247618","2007/12","Daňové příjmy",105542190
"00247618","2007/12","Kapitálové příjmy",23562330
"00247618","2007/12","Nedaňové příjmy",93088600
"00248266","2007/12","Daňové příjmy",118008810
"00248266","2007/12","Kapitálové příjmy",11548540
"00248266","2007/12","Nedaňové příjmy",33329620
"00248789","2007/12","Daňové příjmy",55787540
"00248789","2007/12","Kapitálové příjmy",2706450
"00248789","2007/12","Nedaňové příjmy",20076610
"00248801","2007/12","Daňové příjmy",180459060
"00248801","2007/12","Kapitálové příjmy",27427620
"00248801","2007/12","Nedaňové příjmy",89343930
"00249831","2007/12","Daňové příjmy",92481340
"00249831","2007/12","Kapitálové příjmy",50000
"00249831","2007/12","Nedaňové příjmy",11336940
"00249998","2007/12","Daňové příjmy",365816800
"00249998","2007/12","Kapitálové příjmy",174759660
"00249998","2007/12","Nedaňové příjmy",183371850
"00250627","2007/12","Daňové příjmy",135988470
"00250627","2007/12","Kapitálové příjmy",13656370
"00250627","2007/12","Nedaňové příjmy",41361870
"00250805","2007/12","Daňové příjmy",78877660
"00250805","2007/12","Kapitálové příjmy",18530160
"00250805","2007/12","Nedaňové příjmy",18386870
"00250996","2007/12","Daňové příjmy",65956340
"00250996","2007/12","Kapitálové příjmy",3118960
"00250996","2007/12","Nedaňové příjmy",11585080
"00251810","2007/12","Daňové příjmy",264792310
"00251810","2007/12","Kapitálové příjmy",26241080
"00251810","2007/12","Nedaňové příjmy",65389350
"00251984","2007/12","Daňové příjmy",67388300
"00251984","2007/12","Kapitálové příjmy",13014850
"00251984","2007/12","Nedaňové příjmy",16791820
"00252921","2007/12","Daňové příjmy",69480300
"00252921","2007/12","Kapitálové příjmy",497700
"00252921","2007/12","Nedaňové příjmy",18882160
"00253014","2007/12","Daňové příjmy",423244500
"00253014","2007/12","Kapitálové příjmy",56382000
"00253014","2007/12","Nedaňové příjmy",184638370
"00253316","2007/12","Daňové příjmy",140230530
"00253316","2007/12","Kapitálové příjmy",8559990
"00253316","2007/12","Nedaňové příjmy",58137380
"00253383","2007/12","Daňové příjmy",58172300
"00253383","2007/12","Kapitálové příjmy",5294790
"00253383","2007/12","Nedaňové příjmy",8580400
"00253901","2007/12","Daňové příjmy",128810050
"00253901","2007/12","Kapitálové příjmy",19416440
"00253901","2007/12","Nedaňové příjmy",30109910
"00253979","2007/12","Daňové příjmy",376876030
"00253979","2007/12","Kapitálové příjmy",33952010
"00253979","2007/12","Nedaňové příjmy",116842400
"00254061","2007/12","Daňové příjmy",174996920
"00254061","2007/12","Kapitálové příjmy",46892920
"00254061","2007/12","Nedaňové příjmy",52715580
"00254657","2007/12","Daňové příjmy",669069120
"00254657","2007/12","Kapitálové příjmy",15582520
"00254657","2007/12","Nedaňové příjmy",76794520
"00254843","2007/12","Daňové příjmy",172744470
"00254843","2007/12","Kapitálové příjmy",13225900
"00254843","2007/12","Nedaňové příjmy",76327920
"00255513","2007/12","Daňové příjmy",57271900
"00255513","2007/12","Kapitálové příjmy",11160600
"00255513","2007/12","Nedaňové příjmy",24673560
"00255661","2007/12","Daňové příjmy",231553230
"00255661","2007/12","Kapitálové příjmy",6860070
"00255661","2007/12","Nedaňové příjmy",72231210
"00256129","2007/12","Daňové příjmy",124522930
"00256129","2007/12","Kapitálové příjmy",389530
"00256129","2007/12","Nedaňové příjmy",58708360
"00256455","2007/12","Daňové příjmy",37683670
"00256455","2007/12","Kapitálové příjmy",7537010
"00256455","2007/12","Nedaňové příjmy",5957370
"00256986","2007/12","Daňové příjmy",35849570
"00256986","2007/12","Kapitálové příjmy",4341660
"00256986","2007/12","Nedaňové příjmy",25476670
"00257125","2007/12","Daňové příjmy",66217400
"00257125","2007/12","Kapitálové příjmy",14719570
"00257125","2007/12","Nedaňové příjmy",21170590
"00257265","2007/12","Daňové příjmy",38459270
"00257265","2007/12","Kapitálové příjmy",448440
"00257265","2007/12","Nedaňové příjmy",16483760
"00257966","2007/12","Daňové příjmy",35251430
"00257966","2007/12","Kapitálové příjmy",6801130
"00257966","2007/12","Nedaňové příjmy",10124120
"00258199","2007/12","Daňové příjmy",68633780
"00258199","2007/12","Kapitálové příjmy",5500730
"00258199","2007/12","Nedaňové příjmy",12380450
"00259047","2007/12","Daňové příjmy",174508180
"00259047","2007/12","Kapitálové příjmy",41919460
"00259047","2007/12","Nedaňové příjmy",49763670
"00259438","2007/12","Daňové příjmy",61950250
"00259438","2007/12","Kapitálové příjmy",9011350
"00259438","2007/12","Nedaňové příjmy",14290490
"00259586","2007/12","Daňové příjmy",244249690
"00259586","2007/12","Kapitálové příjmy",15827030
"00259586","2007/12","Nedaňové příjmy",114140470
"00260177","2007/12","Daňové příjmy",81258180
"00260177","2007/12","Kapitálové příjmy",3665640
"00260177","2007/12","Nedaňové příjmy",17498290
"00260231","2007/12","Daňové příjmy",129992780
"00260231","2007/12","Kapitálové příjmy",14889390
"00260231","2007/12","Nedaňové příjmy",27189710
"00260428","2007/12","Daňové příjmy",409871580
"00260428","2007/12","Kapitálové příjmy",33495420
"00260428","2007/12","Nedaňové příjmy",72232220
"00260771","2007/12","Daňové příjmy",130734500
"00260771","2007/12","Kapitálové příjmy",12049060
"00260771","2007/12","Nedaňové příjmy",7506410
"00261238","2007/12","Daňové příjmy",589342070
"00261238","2007/12","Kapitálové příjmy",46266920
"00261238","2007/12","Nedaňové příjmy",33899730
"00261602","2007/12","Daňové příjmy",117427340
"00261602","2007/12","Kapitálové příjmy",18722170
"00261602","2007/12","Nedaňové příjmy",24828110
"00261718","2007/12","Daňové příjmy",160605290
"00261718","2007/12","Kapitálové příjmy",24171150
"00261718","2007/12","Nedaňové příjmy",33927960
"00261891","2007/12","Daňové příjmy",572964750
"00261891","2007/12","Kapitálové příjmy",55670160
"00261891","2007/12","Nedaňové příjmy",64673140
"00261912","2007/12","Daňové příjmy",232426910
"00261912","2007/12","Kapitálové příjmy",47801490
"00261912","2007/12","Nedaňové příjmy",21320960
"00262340","2007/12","Daňové příjmy",501284490
"00262340","2007/12","Kapitálové příjmy",30774650
"00262340","2007/12","Nedaňové příjmy",174871170
"00262587","2007/12","Daňové příjmy",68273280
"00262587","2007/12","Kapitálové příjmy",5161700
"00262587","2007/12","Nedaňové příjmy",13858520
"00262633","2007/12","Daňové příjmy",62100280
"00262633","2007/12","Kapitálové příjmy",2536560
"00262633","2007/12","Nedaňové příjmy",24574090
"00262781","2007/12","Daňové příjmy",77886610
"00262781","2007/12","Kapitálové příjmy",8902460
"00262781","2007/12","Nedaňové příjmy",17491090
"00262978","2007/12","Daňové příjmy",1189955800
"00262978","2007/12","Kapitálové příjmy",346468980
"00262978","2007/12","Nedaňové příjmy",105937200
"00263958","2007/12","Daňové příjmy",255373410
"00263958","2007/12","Kapitálové příjmy",77470030
"00263958","2007/12","Nedaňové příjmy",37479200
"00263991","2007/12","Daňové příjmy",92109210
"00263991","2007/12","Kapitálové příjmy",95027450
"00263991","2007/12","Nedaňové příjmy",29101480
"00264334","2007/12","Daňové příjmy",137119340
"00264334","2007/12","Nedaňové příjmy",36006980
"00265209","2007/12","Daňové příjmy",191129880
"00265209","2007/12","Kapitálové příjmy",8895070
"00265209","2007/12","Nedaňové příjmy",40204460
"00265365","2007/12","Daňové příjmy",59881490
"00265365","2007/12","Kapitálové příjmy",45522380
"00265365","2007/12","Nedaňové příjmy",8195310
"00265781","2007/12","Daňové příjmy",204672510
"00265781","2007/12","Kapitálové příjmy",76596970
"00265781","2007/12","Nedaňové příjmy",49594560
"00266027","2007/12","Daňové příjmy",302696070
"00266027","2007/12","Kapitálové příjmy",78403270
"00266027","2007/12","Nedaňové příjmy",48370320
"00266094","2007/12","Daňové příjmy",772232840
"00266094","2007/12","Kapitálové příjmy",43360460
"00266094","2007/12","Nedaňové příjmy",145034790
"00266230","2007/12","Daňové příjmy",160802100
"00266230","2007/12","Kapitálové příjmy",6687240
"00266230","2007/12","Nedaňové příjmy",74049150
"00266621","2007/12","Daňové příjmy",632868490
"00266621","2007/12","Kapitálové příjmy",15532360
"00266621","2007/12","Nedaňové příjmy",63478360
"00267449","2007/12","Daňové příjmy",277759010
"00267449","2007/12","Kapitálové příjmy",57389910
"00267449","2007/12","Nedaňové příjmy",88137360
"00267538","2007/12","Daňové příjmy",86876030
"00267538","2007/12","Kapitálové příjmy",8134250
"00267538","2007/12","Nedaňové příjmy",11426400
"00268321","2007/12","Daňové příjmy",66085570
"00268321","2007/12","Kapitálové příjmy",1794350
"00268321","2007/12","Nedaňové příjmy",10790230
"00268810","2007/12","Daňové příjmy",1187215940
"00268810","2007/12","Kapitálové příjmy",330519470
"00268810","2007/12","Nedaňové příjmy",330992740
"00269247","2007/12","Daňové příjmy",70012540
"00269247","2007/12","Kapitálové příjmy",10748170
"00269247","2007/12","Nedaňové příjmy",26004300
"00270059","2007/12","Daňové příjmy",106675310
"00270059","2007/12","Kapitálové příjmy",4039020
"00270059","2007/12","Nedaňové příjmy",31912550
"00270211","2007/12","Daňové příjmy",247972990
"00270211","2007/12","Kapitálové příjmy",8432930
"00270211","2007/12","Nedaňové příjmy",32050270
"00271560","2007/12","Daňové příjmy",81139320
"00271560","2007/12","Kapitálové příjmy",3911740
"00271560","2007/12","Nedaňové příjmy",20520880
"00271632","2007/12","Daňové příjmy",215398280
"00271632","2007/12","Kapitálové příjmy",175305880
"00271632","2007/12","Nedaňové příjmy",38294740
"00271888","2007/12","Daňové příjmy",79460770
"00271888","2007/12","Kapitálové příjmy",5621090
"00271888","2007/12","Nedaňové příjmy",32338580
"00272523","2007/12","Daňové příjmy",72477400
"00272523","2007/12","Kapitálové příjmy",8681870
"00272523","2007/12","Nedaňové příjmy",31524540
"00272728","2007/12","Daňové příjmy",128336630
"00272728","2007/12","Kapitálové příjmy",21562080
"00272728","2007/12","Nedaňové příjmy",50446740
"00272868","2007/12","Daňové příjmy",221470570
"00272868","2007/12","Kapitálové příjmy",29736300
"00272868","2007/12","Nedaňové příjmy",19408920
"00272876","2007/12","Daňové příjmy",94332430
"00272876","2007/12","Kapitálové příjmy",1327490
"00272876","2007/12","Nedaňové příjmy",19287410
"00273571","2007/12","Daňové příjmy",61005800
"00273571","2007/12","Kapitálové příjmy",1384240
"00273571","2007/12","Nedaňové příjmy",20254670
"00274046","2007/12","Daňové příjmy",1053976180
"00274046","2007/12","Kapitálové příjmy",104568360
"00274046","2007/12","Nedaňové příjmy",87076810
"00274101","2007/12","Daňové příjmy",85230720
"00274101","2007/12","Kapitálové příjmy",13490080
"00274101","2007/12","Nedaňové příjmy",12081380
"00274879","2007/12","Daňové příjmy",83371210
"00274879","2007/12","Kapitálové příjmy",4257280
"00274879","2007/12","Nedaňové příjmy",25316610
"00274968","2007/12","Daňové příjmy",59264980
"00274968","2007/12","Kapitálové příjmy",4779480
"00274968","2007/12","Nedaňové příjmy",13390090
"00275336","2007/12","Daňové příjmy",128631810
"00275336","2007/12","Kapitálové příjmy",15718280
"00275336","2007/12","Nedaňové příjmy",48358670
"00275808","2007/12","Daňové příjmy",64423990
"00275808","2007/12","Kapitálové příjmy",5901400
"00275808","2007/12","Nedaňové příjmy",25781090
"00276111","2007/12","Daňové příjmy",81729400
"00276111","2007/12","Kapitálové příjmy",77300
"00276111","2007/12","Nedaňové příjmy",23321810
"00276227","2007/12","Daňové příjmy",186553250
"00276227","2007/12","Kapitálové příjmy",18416350
"00276227","2007/12","Nedaňové příjmy",51779690
"00276944","2007/12","Daňové příjmy",115602290
"00276944","2007/12","Kapitálové příjmy",20049810
"00276944","2007/12","Nedaňové příjmy",73195000
"00277037","2007/12","Daňové příjmy",111592760
"00277037","2007/12","Kapitálové příjmy",3910320
"00277037","2007/12","Nedaňové příjmy",19908330
"00277177","2007/12","Daňové příjmy",98220760
"00277177","2007/12","Kapitálové příjmy",24193720
"00277177","2007/12","Nedaňové příjmy",48173460
"00277444","2007/12","Daňové příjmy",188531990
"00277444","2007/12","Kapitálové příjmy",45096460
"00277444","2007/12","Nedaňové příjmy",66641740
"00277819","2007/12","Daňové příjmy",166988210
"00277819","2007/12","Kapitálové příjmy",29591990
"00277819","2007/12","Nedaňové příjmy",66397850
"00278360","2007/12","Daňové příjmy",331256370
"00278360","2007/12","Kapitálové příjmy",49951810
"00278360","2007/12","Nedaňové příjmy",68889690
"00278475","2007/12","Daňové příjmy",132237730
"00278475","2007/12","Kapitálové příjmy",16087470
"00278475","2007/12","Nedaňové příjmy",19846880
"00278653","2007/12","Daňové příjmy",154295070
"00278653","2007/12","Kapitálové příjmy",25757350
"00278653","2007/12","Nedaňové příjmy",17176120
"00279072","2007/12","Daňové příjmy",42828110
"00279072","2007/12","Kapitálové příjmy",5680970
"00279072","2007/12","Nedaňové příjmy",7287200
"00279102","2007/12","Daňové příjmy",93850270
"00279102","2007/12","Kapitálové příjmy",19853770
"00279102","2007/12","Nedaňové příjmy",31400460
"00279676","2007/12","Daňové příjmy",146274770
"00279676","2007/12","Kapitálové příjmy",27043940
"00279676","2007/12","Nedaňové příjmy",20961440
"00279773","2007/12","Daňové příjmy",143346390
"00279773","2007/12","Kapitálové příjmy",17195160
"00279773","2007/12","Nedaňové příjmy",25744540
"00279846","2007/12","Daňové příjmy",65662460
"00279846","2007/12","Kapitálové příjmy",10770250
"00279846","2007/12","Nedaňové příjmy",11959570
"00279943","2007/12","Daňové příjmy",211168370
"00279943","2007/12","Kapitálové příjmy",10328660
"00279943","2007/12","Nedaňové příjmy",51875300
"00279978","2007/12","Daňové příjmy",127386740
"00279978","2007/12","Kapitálové příjmy",24990350
"00279978","2007/12","Nedaňové příjmy",30976540
"00281859","2007/12","Daňové příjmy",82888280
"00281859","2007/12","Kapitálové příjmy",498860
"00281859","2007/12","Nedaňové příjmy",5799090
"00281964","2007/12","Daňové příjmy",93362970
"00281964","2007/12","Kapitálové příjmy",4209450
"00281964","2007/12","Nedaňové příjmy",32798350
"00282481","2007/12","Daňové příjmy",53664370
"00282481","2007/12","Kapitálové příjmy",11773190
"00282481","2007/12","Nedaňové příjmy",12432650
"00282651","2007/12","Daňové příjmy",73915710
"00282651","2007/12","Kapitálové příjmy",6798920
"00282651","2007/12","Nedaňové příjmy",13755090
"00282707","2007/12","Daňové příjmy",77385340
"00282707","2007/12","Kapitálové příjmy",2603710
"00282707","2007/12","Nedaňové příjmy",22893540
"00282979","2007/12","Daňové příjmy",37993640
"00282979","2007/12","Kapitálové příjmy",20101600
"00282979","2007/12","Nedaňové příjmy",13571620
"00283061","2007/12","Daňové příjmy",274850060
"00283061","2007/12","Kapitálové příjmy",4316150
"00283061","2007/12","Nedaňové příjmy",60495100
"00283193","2007/12","Daňové příjmy",64065260
"00283193","2007/12","Kapitálové příjmy",6659630
"00283193","2007/12","Nedaňové příjmy",23128100
"00283347","2007/12","Daňové příjmy",94152320
"00283347","2007/12","Kapitálové příjmy",20410050
"00283347","2007/12","Nedaňové příjmy",33905670
"00283509","2007/12","Daňové příjmy",46396290
"00283509","2007/12","Kapitálové příjmy",26226460
"00283509","2007/12","Nedaňové příjmy",20382700
"00283924","2007/12","Daňové příjmy",955711170
"00283924","2007/12","Kapitálové příjmy",157810950
"00283924","2007/12","Nedaňové příjmy",235751660
"00284165","2007/12","Daňové příjmy",61659470
"00284165","2007/12","Kapitálové příjmy",11500860
"00284165","2007/12","Nedaňové příjmy",23690620
"00284301","2007/12","Daňové příjmy",208319210
"00284301","2007/12","Kapitálové příjmy",41238960
"00284301","2007/12","Nedaňové příjmy",36034650
"00284611","2007/12","Daňové příjmy",47610440
"00284611","2007/12","Kapitálové příjmy",332860
"00284611","2007/12","Nedaňové příjmy",24462830
"00284653","2007/12","Daňové příjmy",42977630
"00284653","2007/12","Kapitálové příjmy",6714740
"00284653","2007/12","Nedaňové příjmy",11304640
"00284891","2007/12","Daňové příjmy",282612580
"00284891","2007/12","Kapitálové příjmy",23305490
"00284891","2007/12","Nedaňové příjmy",95144590
"00285030","2007/12","Daňové příjmy",132558440
"00285030","2007/12","Kapitálové příjmy",13322340
"00285030","2007/12","Nedaňové příjmy",24175930
"00285455","2007/12","Daňové příjmy",116799120
"00285455","2007/12","Kapitálové příjmy",18315790
"00285455","2007/12","Nedaňové příjmy",18903900
"00286010","2007/12","Daňové příjmy",658260980
"00286010","2007/12","Kapitálové příjmy",111992890
"00286010","2007/12","Nedaňové příjmy",161475170
"00286745","2007/12","Daňové příjmy",54246280
"00286745","2007/12","Kapitálové příjmy",6827240
"00286745","2007/12","Nedaňové příjmy",12132340
"00287113","2007/12","Daňové příjmy",87312860
"00287113","2007/12","Kapitálové příjmy",2412670
"00287113","2007/12","Nedaňové příjmy",28771070
"00287172","2007/12","Daňové příjmy",120888820
"00287172","2007/12","Kapitálové příjmy",27390080
"00287172","2007/12","Nedaňové příjmy",31084390
"00287351","2007/12","Daňové příjmy",355948160
"00287351","2007/12","Kapitálové příjmy",5539920
"00287351","2007/12","Nedaňové příjmy",66934640
"00288365","2007/12","Daňové příjmy",26669610
"00288365","2007/12","Kapitálové příjmy",677730
"00288365","2007/12","Nedaňové příjmy",5462040
"00288659","2007/12","Daňové příjmy",524654110
"00288659","2007/12","Kapitálové příjmy",84278720
"00288659","2007/12","Nedaňové příjmy",114948430
"00289931","2007/12","Daňové příjmy",77959420
"00289931","2007/12","Kapitálové příjmy",6954440
"00289931","2007/12","Nedaňové příjmy",11098470
"00289965","2007/12","Daňové příjmy",44860550
"00289965","2007/12","Kapitálové příjmy",4080910
"00289965","2007/12","Nedaňové příjmy",13030430
"00290629","2007/12","Daňové příjmy",401970500
"00290629","2007/12","Kapitálové příjmy",97150390
"00290629","2007/12","Nedaňové příjmy",58339650
"00291463","2007/12","Daňové příjmy",192582660
"00291463","2007/12","Kapitálové příjmy",10396730
"00291463","2007/12","Nedaňové příjmy",34378140
"00291471","2007/12","Daňové příjmy",304709730
"00291471","2007/12","Kapitálové příjmy",56139810
"00291471","2007/12","Nedaňové příjmy",98995850
"00291676","2007/12","Daňové příjmy",62127740
"00291676","2007/12","Nedaňové příjmy",14779640
"00292311","2007/12","Daňové příjmy",54913140
"00292311","2007/12","Kapitálové příjmy",343130
"00292311","2007/12","Nedaňové příjmy",4352300
"00292427","2007/12","Daňové příjmy",245619020
"00292427","2007/12","Kapitálové příjmy",193643310
"00292427","2007/12","Nedaňové příjmy",18205800
"00293199","2007/12","Daňové příjmy",54555690
"00293199","2007/12","Kapitálové příjmy",2733440
"00293199","2007/12","Nedaňové příjmy",10948560
"00293881","2007/12","Daňové příjmy",399792990
"00293881","2007/12","Kapitálové příjmy",19529700
"00293881","2007/12","Nedaňové příjmy",137859240
"00294136","2007/12","Daňové příjmy",100195390
"00294136","2007/12","Nedaňové příjmy",13766690
"00294900","2007/12","Daňové příjmy",113208610
"00294900","2007/12","Kapitálové příjmy",3207550
"00294900","2007/12","Nedaňové příjmy",13186080
"00295671","2007/12","Daňové příjmy",128894010
"00295671","2007/12","Kapitálové příjmy",22784310
"00295671","2007/12","Nedaňové příjmy",15779970
"00295841","2007/12","Daňové příjmy",255050870
"00295841","2007/12","Kapitálové příjmy",35003900
"00295841","2007/12","Nedaňové příjmy",102608640
"00295892","2007/12","Daňové příjmy",185418310
"00295892","2007/12","Kapitálové příjmy",14575460
"00295892","2007/12","Nedaňové příjmy",51541800
"00296139","2007/12","Daňové příjmy",247382340
"00296139","2007/12","Kapitálové příjmy",29284970
"00296139","2007/12","Nedaňové příjmy",85595650
"00296317","2007/12","Daňové příjmy",78383060
"00296317","2007/12","Kapitálové příjmy",11537830
"00296317","2007/12","Nedaňové příjmy",31353130
"00296643","2007/12","Daňové příjmy",687783880
"00296643","2007/12","Kapitálové příjmy",30040730
"00296643","2007/12","Nedaňové příjmy",150213200
"00296651","2007/12","Daňové příjmy",82997460
"00296651","2007/12","Kapitálové příjmy",5633830
"00296651","2007/12","Nedaňové příjmy",17358640
"00296759","2007/12","Daňové příjmy",48937610
"00296759","2007/12","Kapitálové příjmy",6324270
"00296759","2007/12","Nedaňové příjmy",11678430
"00297313","2007/12","Daňové příjmy",389304940
"00297313","2007/12","Kapitálové příjmy",26178090
"00297313","2007/12","Nedaňové příjmy",62161020
"00297437","2007/12","Daňové příjmy",254882350
"00297437","2007/12","Kapitálové příjmy",23093550
"00297437","2007/12","Nedaňové příjmy",42943970
"00297488","2007/12","Daňové příjmy",901652500
"00297488","2007/12","Kapitálové příjmy",7513070
"00297488","2007/12","Nedaňové příjmy",42225050
"00297534","2007/12","Daňové příjmy",713919750
"00297534","2007/12","Kapitálové příjmy",16462310
"00297534","2007/12","Nedaňové příjmy",211218890
"00297569","2007/12","Daňové příjmy",216270530
"00297569","2007/12","Kapitálové příjmy",15875980
"00297569","2007/12","Nedaňové příjmy",226473550
"00297577","2007/12","Daňové příjmy",324875110
"00297577","2007/12","Kapitálové příjmy",26441600
"00297577","2007/12","Nedaňové příjmy",73007510
"00297755","2007/12","Daňové příjmy",66261180
"00297755","2007/12","Kapitálové příjmy",6897810
"00297755","2007/12","Nedaňové příjmy",30654530
"00297852","2007/12","Daňové příjmy",109451510
"00297852","2007/12","Kapitálové příjmy",9573530
"00297852","2007/12","Nedaňové příjmy",30040130
"00298077","2007/12","Daňové příjmy",230990970
"00298077","2007/12","Kapitálové příjmy",11607660
"00298077","2007/12","Nedaňové příjmy",16488380
"00298212","2007/12","Daňové příjmy",257106200
"00298212","2007/12","Kapitálové příjmy",84069980
"00298212","2007/12","Nedaňové příjmy",73741390
"00298221","2007/12","Daňové příjmy",65541590
"00298221","2007/12","Kapitálové příjmy",6928170
"00298221","2007/12","Nedaňové příjmy",16989330
"00299138","2007/12","Daňové příjmy",115434700
"00299138","2007/12","Kapitálové příjmy",12690740
"00299138","2007/12","Nedaňové příjmy",29073210
"00299308","2007/12","Daňové příjmy",1484406450
"00299308","2007/12","Kapitálové příjmy",1911930
"00299308","2007/12","Nedaňové příjmy",77267570
"00299529","2007/12","Daňové příjmy",150669530
"00299529","2007/12","Nedaňové příjmy",28520550
"00299634","2007/12","Daňové příjmy",129877920
"00299634","2007/12","Kapitálové příjmy",22888280
"00299634","2007/12","Nedaňové příjmy",18255280
"00300063","2007/12","Daňové příjmy",141337430
"00300063","2007/12","Kapitálové příjmy",705500
"00300063","2007/12","Nedaňové příjmy",24230680
"00300292","2007/12","Daňové příjmy",59288840
"00300292","2007/12","Kapitálové příjmy",4242970
"00300292","2007/12","Nedaňové příjmy",9560100
"00300535","2007/12","Daňové příjmy",679893790
"00300535","2007/12","Kapitálové příjmy",68980660
"00300535","2007/12","Nedaňové příjmy",230481490
"00300870","2007/12","Daňové příjmy",55508190
"00300870","2007/12","Kapitálové příjmy",3330210
"00300870","2007/12","Nedaňové příjmy",17980710
"00301311","2007/12","Daňové příjmy",217695010
"00301311","2007/12","Kapitálové příjmy",41866660
"00301311","2007/12","Nedaňové příjmy",37340510
"00301493","2007/12","Daňové příjmy",79120220
"00301493","2007/12","Kapitálové příjmy",10099300
"00301493","2007/12","Nedaňové příjmy",23526880
"00301825","2007/12","Daňové příjmy",539955470
"00301825","2007/12","Kapitálové příjmy",19615320
"00301825","2007/12","Nedaňové příjmy",97892020
"00302724","2007/12","Daňové příjmy",127697310
"00302724","2007/12","Kapitálové příjmy",9536690
"00302724","2007/12","Nedaňové příjmy",40048810
"00303038","2007/12","Daňové příjmy",91428850
"00303038","2007/12","Kapitálové příjmy",10691250
"00303038","2007/12","Nedaňové příjmy",11739310
"00303461","2007/12","Daňové příjmy",289461920
"00303461","2007/12","Kapitálové příjmy",143500
"00303461","2007/12","Nedaňové příjmy",30042560
"00303640","2007/12","Daňové příjmy",147845050
"00303640","2007/12","Kapitálové příjmy",98052340
"00303640","2007/12","Nedaňové příjmy",9101950
"00304271","2007/12","Daňové příjmy",169276690
"00304271","2007/12","Kapitálové příjmy",20573820
"00304271","2007/12","Nedaňové příjmy",27435280
"00304387","2007/12","Daňové příjmy",291158040
"00304387","2007/12","Kapitálové příjmy",54839620
"00304387","2007/12","Nedaňové příjmy",48419170
"00304450","2007/12","Daňové příjmy",290325390
"00304450","2007/12","Kapitálové příjmy",16577940
"00304450","2007/12","Nedaňové příjmy",77949180
"00845451","2007/12","Daňové příjmy",6524018490
"00845451","2007/12","Kapitálové příjmy",522155530
"00845451","2007/12","Nedaňové příjmy",1000660890
"44992785","2007/12","Daňové příjmy",7769741190
"44992785","2007/12","Kapitálové příjmy",342106360
"44992785","2007/12","Nedaňové příjmy",856964100
"00075370","2008/12","Daňové příjmy",3740159310
"00075370","2008/12","Kapitálové příjmy",244560300
"00075370","2008/12","Nedaňové příjmy",825331450
"00081531","2008/12","Daňové příjmy",1198738090
"00081531","2008/12","Kapitálové příjmy",277000
"00081531","2008/12","Nedaňové příjmy",45768550
"00231401","2008/12","Daňové příjmy",222571630
"00231401","2008/12","Kapitálové příjmy",8596070
"00231401","2008/12","Nedaňové příjmy",142031450
"00232947","2008/12","Daňové příjmy",124323640
"00232947","2008/12","Kapitálové příjmy",3141560
"00232947","2008/12","Nedaňové příjmy",46135540
"00232963","2008/12","Daňové příjmy",56481760
"00232963","2008/12","Kapitálové příjmy",3654900
"00232963","2008/12","Nedaňové příjmy",26027910
"00233129","2008/12","Daňové příjmy",247697080
"00233129","2008/12","Kapitálové příjmy",66249760
"00233129","2008/12","Nedaňové příjmy",20177520
"00233242","2008/12","Daňové příjmy",87017610
"00233242","2008/12","Kapitálové příjmy",3932800
"00233242","2008/12","Nedaňové příjmy",5797510
"00234516","2008/12","Daňové příjmy",863120890
"00234516","2008/12","Kapitálové příjmy",189518150
"00234516","2008/12","Nedaňové příjmy",172428260
"00234877","2008/12","Daňové příjmy",175611870
"00234877","2008/12","Kapitálové příjmy",15622020
"00234877","2008/12","Nedaňové příjmy",12263460
"00235334","2008/12","Daňové příjmy",73232850
"00235334","2008/12","Kapitálové příjmy",6500000
"00235334","2008/12","Nedaňové příjmy",14831010
"00235440","2008/12","Daňové příjmy",404795540
"00235440","2008/12","Kapitálové příjmy",158266240
"00235440","2008/12","Nedaňové příjmy",198475530
"00236021","2008/12","Daňové příjmy",141399280
"00236021","2008/12","Kapitálové příjmy",93632740
"00236021","2008/12","Nedaňové příjmy",50343680
"00236195","2008/12","Daňové příjmy",260472450
"00236195","2008/12","Kapitálové příjmy",39063640
"00236195","2008/12","Nedaňové příjmy",88729090
"00236977","2008/12","Daňové příjmy",203922410
"00236977","2008/12","Kapitálové příjmy",16860
"00236977","2008/12","Nedaňové příjmy",36692720
"00237051","2008/12","Daňové příjmy",223085820
"00237051","2008/12","Kapitálové příjmy",21863350
"00237051","2008/12","Nedaňové příjmy",49633400
"00237108","2008/12","Daňové příjmy",171647450
"00237108","2008/12","Kapitálové příjmy",3217850
"00237108","2008/12","Nedaňové příjmy",11065580
"00238295","2008/12","Daňové příjmy",596833970
"00238295","2008/12","Kapitálové příjmy",59650720
"00238295","2008/12","Nedaňové příjmy",40041790
"00238309","2008/12","Daňové příjmy",89232460
"00238309","2008/12","Kapitálové příjmy",485900
"00238309","2008/12","Nedaňové příjmy",3579660
"00239402","2008/12","Daňové příjmy",90133790
"00239402","2008/12","Kapitálové příjmy",16496870
"00239402","2008/12","Nedaňové příjmy",7467720
"00239500","2008/12","Daňové příjmy",168261440
"00239500","2008/12","Kapitálové příjmy",33737710
"00239500","2008/12","Nedaňové příjmy",29895420
"00239640","2008/12","Daňové příjmy",155036470
"00239640","2008/12","Kapitálové příjmy",25673060
"00239640","2008/12","Nedaňové příjmy",25202930
"00240079","2008/12","Daňové příjmy",199147730
"00240079","2008/12","Kapitálové příjmy",45461200
"00240079","2008/12","Nedaňové příjmy",59036580
"00240702","2008/12","Daňové příjmy",160580330
"00240702","2008/12","Kapitálové příjmy",33192590
"00240702","2008/12","Nedaňové příjmy",50897100
"00241121","2008/12","Daňové příjmy",99499780
"00241121","2008/12","Kapitálové příjmy",10537730
"00241121","2008/12","Nedaňové příjmy",32085460
"00242098","2008/12","Daňové příjmy",88970230
"00242098","2008/12","Kapitálové příjmy",26026840
"00242098","2008/12","Nedaňové příjmy",13657360
"00243132","2008/12","Daňové příjmy",418716660
"00243132","2008/12","Kapitálové příjmy",59573180
"00243132","2008/12","Nedaňové příjmy",91912140
"00243272","2008/12","Daňové příjmy",81845680
"00243272","2008/12","Kapitálové příjmy",3001860
"00243272","2008/12","Nedaňové příjmy",33606390
"00244309","2008/12","Daňové příjmy",200289770
"00244309","2008/12","Kapitálové příjmy",12084020
"00244309","2008/12","Nedaňové příjmy",24558150
"00244732","2008/12","Daňové příjmy",1265082200
"00244732","2008/12","Kapitálové příjmy",33338630
"00244732","2008/12","Nedaňové příjmy",363836620
"00245551","2008/12","Daňové příjmy",50355890
"00245551","2008/12","Kapitálové příjmy",6646400
"00245551","2008/12","Nedaňové příjmy",19463230
"00245585","2008/12","Daňové příjmy",88361960
"00245585","2008/12","Kapitálové příjmy",33362920
"00245585","2008/12","Nedaňové příjmy",20370930
"00245836","2008/12","Daňové příjmy",168505470
"00245836","2008/12","Kapitálové příjmy",8437620
"00245836","2008/12","Nedaňové příjmy",48253920
"00245941","2008/12","Daňové příjmy",83150180
"00245941","2008/12","Kapitálové příjmy",16753310
"00245941","2008/12","Nedaňové příjmy",16382890
"00246476","2008/12","Daňové příjmy",91332700
"00246476","2008/12","Kapitálové příjmy",22400660
"00246476","2008/12","Nedaňové příjmy",20285150
"00246875","2008/12","Daňové příjmy",277371240
"00246875","2008/12","Kapitálové příjmy",19633200
"00246875","2008/12","Nedaňové příjmy",91476880
"00247618","2008/12","Daňové příjmy",127597530
"00247618","2008/12","Kapitálové příjmy",57084780
"00247618","2008/12","Nedaňové příjmy",100572730
"00248266","2008/12","Daňové příjmy",121961640
"00248266","2008/12","Kapitálové příjmy",7123530
"00248266","2008/12","Nedaňové příjmy",35102960
"00248789","2008/12","Daňové příjmy",60250050
"00248789","2008/12","Kapitálové příjmy",12911190
"00248789","2008/12","Nedaňové příjmy",20637890
"00248801","2008/12","Daňové příjmy",201965630
"00248801","2008/12","Kapitálové příjmy",24456730
"00248801","2008/12","Nedaňové příjmy",100729350
"00249831","2008/12","Daňové příjmy",96207840
"00249831","2008/12","Kapitálové příjmy",40100
"00249831","2008/12","Nedaňové příjmy",9635670
"00249998","2008/12","Daňové příjmy",398290680
"00249998","2008/12","Kapitálové příjmy",218998270
"00249998","2008/12","Nedaňové příjmy",189927210
"00250627","2008/12","Daňové příjmy",144492720
"00250627","2008/12","Kapitálové příjmy",14869270
"00250627","2008/12","Nedaňové příjmy",42742860
"00250805","2008/12","Daňové příjmy",93395210
"00250805","2008/12","Kapitálové příjmy",35914950
"00250805","2008/12","Nedaňové příjmy",24078060
"00250996","2008/12","Daňové příjmy",73452160
"00250996","2008/12","Kapitálové příjmy",46690
"00250996","2008/12","Nedaňové příjmy",13895770
"00251810","2008/12","Daňové příjmy",282876510
"00251810","2008/12","Kapitálové příjmy",39681760
"00251810","2008/12","Nedaňové příjmy",73183100
"00251984","2008/12","Daňové příjmy",78654070
"00251984","2008/12","Kapitálové příjmy",5842270
"00251984","2008/12","Nedaňové příjmy",13820750
"00252921","2008/12","Daňové příjmy",77256810
"00252921","2008/12","Kapitálové příjmy",16424970
"00252921","2008/12","Nedaňové příjmy",18317950
"00253014","2008/12","Daňové příjmy",462912110
"00253014","2008/12","Kapitálové příjmy",101650910
"00253014","2008/12","Nedaňové příjmy",196383840
"00253316","2008/12","Daňové příjmy",149609750
"00253316","2008/12","Kapitálové příjmy",8997260
"00253316","2008/12","Nedaňové příjmy",48856030
"00253383","2008/12","Daňové příjmy",61942140
"00253383","2008/12","Kapitálové příjmy",7672020
"00253383","2008/12","Nedaňové příjmy",7524390
"00253901","2008/12","Daňové příjmy",144151920
"00253901","2008/12","Kapitálové příjmy",42414680
"00253901","2008/12","Nedaňové příjmy",24746620
"00253979","2008/12","Daňové příjmy",412258980
"00253979","2008/12","Kapitálové příjmy",82400730
"00253979","2008/12","Nedaňové příjmy",132393300
"00254061","2008/12","Daňové příjmy",187633040
"00254061","2008/12","Kapitálové příjmy",46457660
"00254061","2008/12","Nedaňové příjmy",53087980
"00254657","2008/12","Daňové příjmy",712286800
"00254657","2008/12","Kapitálové příjmy",2457740
"00254657","2008/12","Nedaňové příjmy",93819700
"00254843","2008/12","Daňové příjmy",191770890
"00254843","2008/12","Kapitálové příjmy",4737300
"00254843","2008/12","Nedaňové příjmy",88157130
"00255513","2008/12","Daňové příjmy",65735190
"00255513","2008/12","Kapitálové příjmy",10143160
"00255513","2008/12","Nedaňové příjmy",25228480
"00255661","2008/12","Daňové příjmy",254777940
"00255661","2008/12","Kapitálové příjmy",57484730
"00255661","2008/12","Nedaňové příjmy",64903740
"00256129","2008/12","Daňové příjmy",134793820
"00256129","2008/12","Kapitálové příjmy",7563660
"00256129","2008/12","Nedaňové příjmy",68453120
"00256455","2008/12","Daňové příjmy",42787370
"00256455","2008/12","Kapitálové příjmy",2215760
"00256455","2008/12","Nedaňové příjmy",7531880
"00256986","2008/12","Daňové příjmy",39988900
"00256986","2008/12","Kapitálové příjmy",1985260
"00256986","2008/12","Nedaňové příjmy",25510020
"00257125","2008/12","Daňové příjmy",70719010
"00257125","2008/12","Kapitálové příjmy",13075390
"00257125","2008/12","Nedaňové příjmy",22543990
"00257265","2008/12","Daňové příjmy",36918530
"00257265","2008/12","Kapitálové příjmy",4349990
"00257265","2008/12","Nedaňové příjmy",16322790
"00257966","2008/12","Daňové příjmy",40360780
"00257966","2008/12","Kapitálové příjmy",1690580
"00257966","2008/12","Nedaňové příjmy",8309180
"00258199","2008/12","Daňové příjmy",76199650
"00258199","2008/12","Kapitálové příjmy",12345710
"00258199","2008/12","Nedaňové příjmy",14783920
"00259047","2008/12","Daňové příjmy",188341320
"00259047","2008/12","Kapitálové příjmy",33197660
"00259047","2008/12","Nedaňové příjmy",52275740
"00259438","2008/12","Daňové příjmy",71953530
"00259438","2008/12","Kapitálové příjmy",5244210
"00259438","2008/12","Nedaňové příjmy",13871670
"00259586","2008/12","Daňové příjmy",267300510
"00259586","2008/12","Kapitálové příjmy",18654150
"00259586","2008/12","Nedaňové příjmy",126501350
"00260177","2008/12","Daňové příjmy",89254970
"00260177","2008/12","Kapitálové příjmy",12188970
"00260177","2008/12","Nedaňové příjmy",22255890
"00260231","2008/12","Daňové příjmy",142906320
"00260231","2008/12","Kapitálové příjmy",12392700
"00260231","2008/12","Nedaňové příjmy",30360420
"00260428","2008/12","Daňové příjmy",458218630
"00260428","2008/12","Kapitálové příjmy",106751280
"00260428","2008/12","Nedaňové příjmy",72222580
"00260771","2008/12","Daňové příjmy",137893630
"00260771","2008/12","Kapitálové příjmy",12006340
"00260771","2008/12","Nedaňové příjmy",9025240
"00261238","2008/12","Daňové příjmy",595690960
"00261238","2008/12","Kapitálové příjmy",223615560
"00261238","2008/12","Nedaňové příjmy",40097230
"00261602","2008/12","Daňové příjmy",118582900
"00261602","2008/12","Kapitálové příjmy",23719450
"00261602","2008/12","Nedaňové příjmy",25881180
"00261718","2008/12","Daňové příjmy",170494270
"00261718","2008/12","Kapitálové příjmy",23466500
"00261718","2008/12","Nedaňové příjmy",29130950
"00261891","2008/12","Daňové příjmy",601173630
"00261891","2008/12","Kapitálové příjmy",34286600
"00261891","2008/12","Nedaňové příjmy",80035350
"00261912","2008/12","Daňové příjmy",239604550
"00261912","2008/12","Kapitálové příjmy",20288230
"00261912","2008/12","Nedaňové příjmy",21503610
"00262340","2008/12","Daňové příjmy",523888430
"00262340","2008/12","Kapitálové příjmy",84304820
"00262340","2008/12","Nedaňové příjmy",156876430
"00262587","2008/12","Daňové příjmy",70379830
"00262587","2008/12","Kapitálové příjmy",5065380
"00262587","2008/12","Nedaňové příjmy",14528620
"00262633","2008/12","Daňové příjmy",64784630
"00262633","2008/12","Kapitálové příjmy",1503950
"00262633","2008/12","Nedaňové příjmy",26529370
"00262781","2008/12","Daňové příjmy",86403370
"00262781","2008/12","Kapitálové příjmy",4233660
"00262781","2008/12","Nedaňové příjmy",18274050
"00262978","2008/12","Daňové příjmy",1392164240
"00262978","2008/12","Kapitálové příjmy",299479040
"00262978","2008/12","Nedaňové příjmy",129135060
"00263958","2008/12","Daňové příjmy",288545940
"00263958","2008/12","Kapitálové příjmy",80630110
"00263958","2008/12","Nedaňové příjmy",38454660
"00263991","2008/12","Daňové příjmy",121720490
"00263991","2008/12","Kapitálové příjmy",23623000
"00263991","2008/12","Nedaňové příjmy",26491080
"00264334","2008/12","Daňové příjmy",141045080
"00264334","2008/12","Kapitálové příjmy",752850
"00264334","2008/12","Nedaňové příjmy",66700320
"00265209","2008/12","Daňové příjmy",200324870
"00265209","2008/12","Kapitálové příjmy",25967660
"00265209","2008/12","Nedaňové příjmy",54272220
"00265365","2008/12","Daňové příjmy",72060000
"00265365","2008/12","Kapitálové příjmy",43300550
"00265365","2008/12","Nedaňové příjmy",12194890
"00265781","2008/12","Daňové příjmy",228330450
"00265781","2008/12","Kapitálové příjmy",63626900
"00265781","2008/12","Nedaňové příjmy",33170610
"00266027","2008/12","Daňové příjmy",341064220
"00266027","2008/12","Kapitálové příjmy",28485010
"00266027","2008/12","Nedaňové příjmy",63453840
"00266094","2008/12","Daňové příjmy",815326140
"00266094","2008/12","Kapitálové příjmy",53966980
"00266094","2008/12","Nedaňové příjmy",101648320
"00266230","2008/12","Daňové příjmy",174775850
"00266230","2008/12","Kapitálové příjmy",24883780
"00266230","2008/12","Nedaňové příjmy",79867180
"00266621","2008/12","Daňové příjmy",632875900
"00266621","2008/12","Kapitálové příjmy",9000530
"00266621","2008/12","Nedaňové příjmy",76703420
"00267449","2008/12","Daňové příjmy",289194240
"00267449","2008/12","Kapitálové příjmy",165984880
"00267449","2008/12","Nedaňové příjmy",87512300
"00267538","2008/12","Daňové příjmy",104430210
"00267538","2008/12","Kapitálové příjmy",13102890
"00267538","2008/12","Nedaňové příjmy",12694050
"00268321","2008/12","Daňové příjmy",70151550
"00268321","2008/12","Kapitálové příjmy",1656730
"00268321","2008/12","Nedaňové příjmy",9764540
"00268810","2008/12","Daňové příjmy",1275070800
"00268810","2008/12","Kapitálové příjmy",146543920
"00268810","2008/12","Nedaňové příjmy",253351430
"00269247","2008/12","Daňové příjmy",78878070
"00269247","2008/12","Kapitálové příjmy",19923590
"00269247","2008/12","Nedaňové příjmy",26910960
"00270059","2008/12","Daňové příjmy",112100520
"00270059","2008/12","Kapitálové příjmy",12085890
"00270059","2008/12","Nedaňové příjmy",43834680
"00270211","2008/12","Daňové příjmy",270267500
"00270211","2008/12","Kapitálové příjmy",55367450
"00270211","2008/12","Nedaňové příjmy",52394160
"00271560","2008/12","Daňové příjmy",92125620
"00271560","2008/12","Kapitálové příjmy",39274770
"00271560","2008/12","Nedaňové příjmy",21225140
"00271632","2008/12","Daňové příjmy",229385280
"00271632","2008/12","Kapitálové příjmy",141211370
"00271632","2008/12","Nedaňové příjmy",42279740
"00271888","2008/12","Daňové příjmy",92022520
"00271888","2008/12","Kapitálové příjmy",52175140
"00271888","2008/12","Nedaňové příjmy",22946270
"00272523","2008/12","Daňové příjmy",81826920
"00272523","2008/12","Kapitálové příjmy",9754610
"00272523","2008/12","Nedaňové příjmy",35290290
"00272728","2008/12","Daňové příjmy",134898850
"00272728","2008/12","Kapitálové příjmy",20109220
"00272728","2008/12","Nedaňové příjmy",44889170
"00272868","2008/12","Daňové příjmy",232122970
"00272868","2008/12","Kapitálové příjmy",26622740
"00272868","2008/12","Nedaňové příjmy",23778800
"00272876","2008/12","Daňové příjmy",97578800
"00272876","2008/12","Kapitálové příjmy",1075810
"00272876","2008/12","Nedaňové příjmy",21493950
"00273571","2008/12","Daňové příjmy",63235060
"00273571","2008/12","Kapitálové příjmy",490190
"00273571","2008/12","Nedaňové příjmy",20719210
"00274046","2008/12","Daňové příjmy",1180670920
"00274046","2008/12","Kapitálové příjmy",131663760
"00274046","2008/12","Nedaňové příjmy",106086310
"00274101","2008/12","Daňové příjmy",95200250
"00274101","2008/12","Kapitálové příjmy",14735540
"00274101","2008/12","Nedaňové příjmy",14609090
"00274879","2008/12","Daňové příjmy",92029180
"00274879","2008/12","Kapitálové příjmy",37079170
"00274879","2008/12","Nedaňové příjmy",25365160
"00274968","2008/12","Daňové příjmy",66190180
"00274968","2008/12","Kapitálové příjmy",8950040
"00274968","2008/12","Nedaňové příjmy",13869020
"00275336","2008/12","Daňové příjmy",134579690
"00275336","2008/12","Kapitálové příjmy",6119040
"00275336","2008/12","Nedaňové příjmy",50602280
"00275808","2008/12","Daňové příjmy",62983690
"00275808","2008/12","Kapitálové příjmy",7831620
"00275808","2008/12","Nedaňové příjmy",24899130
"00276111","2008/12","Daňové příjmy",94779900
"00276111","2008/12","Kapitálové příjmy",78080
"00276111","2008/12","Nedaňové příjmy",17265260
"00276227","2008/12","Daňové příjmy",188499690
"00276227","2008/12","Kapitálové příjmy",89890220
"00276227","2008/12","Nedaňové příjmy",72625460
"00276944","2008/12","Daňové příjmy",123824890
"00276944","2008/12","Kapitálové příjmy",17731960
"00276944","2008/12","Nedaňové příjmy",58926640
"00277037","2008/12","Daňové příjmy",119170920
"00277037","2008/12","Kapitálové příjmy",5620610
"00277037","2008/12","Nedaňové příjmy",20060860
"00277177","2008/12","Daňové příjmy",106723760
"00277177","2008/12","Kapitálové příjmy",19553160
"00277177","2008/12","Nedaňové příjmy",45638000
"00277444","2008/12","Daňové příjmy",205849460
"00277444","2008/12","Kapitálové příjmy",64888450
"00277444","2008/12","Nedaňové příjmy",73049400
"00277819","2008/12","Daňové příjmy",183751320
"00277819","2008/12","Kapitálové příjmy",19237160
"00277819","2008/12","Nedaňové příjmy",61278080
"00278360","2008/12","Daňové příjmy",364368140
"00278360","2008/12","Kapitálové příjmy",26679490
"00278360","2008/12","Nedaňové příjmy",58985510
"00278475","2008/12","Daňové příjmy",142638870
"00278475","2008/12","Kapitálové příjmy",18361210
"00278475","2008/12","Nedaňové příjmy",28346660
"00278653","2008/12","Daňové příjmy",172848620
"00278653","2008/12","Kapitálové příjmy",36246620
"00278653","2008/12","Nedaňové příjmy",16137070
"00279072","2008/12","Daňové příjmy",46597620
"00279072","2008/12","Kapitálové příjmy",5296080
"00279072","2008/12","Nedaňové příjmy",9541420
"00279102","2008/12","Daňové příjmy",111616420
"00279102","2008/12","Kapitálové příjmy",16995810
"00279102","2008/12","Nedaňové příjmy",24321390
"00279676","2008/12","Daňové příjmy",156472010
"00279676","2008/12","Kapitálové příjmy",38856390
"00279676","2008/12","Nedaňové příjmy",23388460
"00279773","2008/12","Daňové příjmy",146002520
"00279773","2008/12","Kapitálové příjmy",17663370
"00279773","2008/12","Nedaňové příjmy",29193800
"00279846","2008/12","Daňové příjmy",68714790
"00279846","2008/12","Kapitálové příjmy",46146590
"00279846","2008/12","Nedaňové příjmy",14200340
"00279943","2008/12","Daňové příjmy",227346690
"00279943","2008/12","Kapitálové příjmy",19720650
"00279943","2008/12","Nedaňové příjmy",53030350
"00279978","2008/12","Daňové příjmy",132915980
"00279978","2008/12","Kapitálové příjmy",11721950
"00279978","2008/12","Nedaňové příjmy",35063610
"00281859","2008/12","Daňové příjmy",99034350
"00281859","2008/12","Kapitálové příjmy",745560
"00281859","2008/12","Nedaňové příjmy",7900660
"00281964","2008/12","Daňové příjmy",105575150
"00281964","2008/12","Kapitálové příjmy",828580
"00281964","2008/12","Nedaňové příjmy",31967130
"00282481","2008/12","Daňové příjmy",57906910
"00282481","2008/12","Kapitálové příjmy",191780
"00282481","2008/12","Nedaňové příjmy",13748440
"00282651","2008/12","Daňové příjmy",82396920
"00282651","2008/12","Kapitálové příjmy",1949300
"00282651","2008/12","Nedaňové příjmy",13484490
"00282707","2008/12","Daňové příjmy",87421190
"00282707","2008/12","Kapitálové příjmy",4293430
"00282707","2008/12","Nedaňové příjmy",26197060
"00282979","2008/12","Daňové příjmy",44450100
"00282979","2008/12","Kapitálové příjmy",8423150
"00282979","2008/12","Nedaňové příjmy",14176340
"00283061","2008/12","Daňové příjmy",302255280
"00283061","2008/12","Kapitálové příjmy",31614250
"00283061","2008/12","Nedaňové příjmy",72913920
"00283193","2008/12","Daňové příjmy",71958870
"00283193","2008/12","Kapitálové příjmy",34167390
"00283193","2008/12","Nedaňové příjmy",32750880
"00283347","2008/12","Daňové příjmy",89075370
"00283347","2008/12","Kapitálové příjmy",16090190
"00283347","2008/12","Nedaňové příjmy",35179950
"00283509","2008/12","Daňové příjmy",55256940
"00283509","2008/12","Kapitálové příjmy",22878660
"00283509","2008/12","Nedaňové příjmy",22731010
"00283924","2008/12","Daňové příjmy",1047022300
"00283924","2008/12","Kapitálové příjmy",88296060
"00283924","2008/12","Nedaňové příjmy",430945160
"00284165","2008/12","Daňové příjmy",62846890
"00284165","2008/12","Kapitálové příjmy",14300060
"00284165","2008/12","Nedaňové příjmy",25486240
"00284301","2008/12","Daňové příjmy",221814550
"00284301","2008/12","Kapitálové příjmy",41447110
"00284301","2008/12","Nedaňové příjmy",34046910
"00284611","2008/12","Daňové příjmy",52322840
"00284611","2008/12","Kapitálové příjmy",12530470
"00284611","2008/12","Nedaňové příjmy",17542110
"00284653","2008/12","Daňové příjmy",46197460
"00284653","2008/12","Kapitálové příjmy",7696630
"00284653","2008/12","Nedaňové příjmy",11553210
"00284891","2008/12","Daňové příjmy",299658530
"00284891","2008/12","Kapitálové příjmy",35083740
"00284891","2008/12","Nedaňové příjmy",92163500
"00285030","2008/12","Daňové příjmy",139422960
"00285030","2008/12","Kapitálové příjmy",41383510
"00285030","2008/12","Nedaňové příjmy",24891020
"00285455","2008/12","Daňové příjmy",127822790
"00285455","2008/12","Kapitálové příjmy",19064510
"00285455","2008/12","Nedaňové příjmy",22755840
"00286010","2008/12","Daňové příjmy",682548900
"00286010","2008/12","Kapitálové příjmy",95723930
"00286010","2008/12","Nedaňové příjmy",166273580
"00286745","2008/12","Daňové příjmy",56987070
"00286745","2008/12","Kapitálové příjmy",214350
"00286745","2008/12","Nedaňové příjmy",12753020
"00287113","2008/12","Daňové příjmy",96082440
"00287113","2008/12","Kapitálové příjmy",4115050
"00287113","2008/12","Nedaňové příjmy",26750070
"00287172","2008/12","Daňové příjmy",133612870
"00287172","2008/12","Kapitálové příjmy",9530150
"00287172","2008/12","Nedaňové příjmy",36956050
"00287351","2008/12","Daňové příjmy",330060880
"00287351","2008/12","Kapitálové příjmy",10635540
"00287351","2008/12","Nedaňové příjmy",46670670
"00288365","2008/12","Daňové příjmy",30067030
"00288365","2008/12","Kapitálové příjmy",229190
"00288365","2008/12","Nedaňové příjmy",5467420
"00288659","2008/12","Daňové příjmy",562900640
"00288659","2008/12","Kapitálové příjmy",104804800
"00288659","2008/12","Nedaňové příjmy",115977510
"00289931","2008/12","Daňové příjmy",85357930
"00289931","2008/12","Kapitálové příjmy",18347930
"00289931","2008/12","Nedaňové příjmy",27916580
"00289965","2008/12","Daňové příjmy",48431350
"00289965","2008/12","Kapitálové příjmy",9040430
"00289965","2008/12","Nedaňové příjmy",13257360
"00290629","2008/12","Daňové příjmy",438147560
"00290629","2008/12","Kapitálové příjmy",23047700
"00290629","2008/12","Nedaňové příjmy",50815340
"00291463","2008/12","Daňové příjmy",211834190
"00291463","2008/12","Kapitálové příjmy",25343920
"00291463","2008/12","Nedaňové příjmy",37539600
"00291471","2008/12","Daňové příjmy",352629970
"00291471","2008/12","Kapitálové příjmy",81345970
"00291471","2008/12","Nedaňové příjmy",106813090
"00291676","2008/12","Daňové příjmy",69317270
"00291676","2008/12","Kapitálové příjmy",2365400
"00291676","2008/12","Nedaňové příjmy",7844100
"00292311","2008/12","Daňové příjmy",61671700
"00292311","2008/12","Nedaňové příjmy",5738240
"00292427","2008/12","Daňové příjmy",288528140
"00292427","2008/12","Kapitálové příjmy",250448760
"00292427","2008/12","Nedaňové příjmy",32410840
"00293199","2008/12","Daňové příjmy",60662130
"00293199","2008/12","Kapitálové příjmy",872450
"00293199","2008/12","Nedaňové příjmy",11706500
"00293881","2008/12","Daňové příjmy",432159980
"00293881","2008/12","Kapitálové příjmy",51923760
"00293881","2008/12","Nedaňové příjmy",135591700
"00294136","2008/12","Daňové příjmy",101291940
"00294136","2008/12","Nedaňové příjmy",10614030
"00294900","2008/12","Daňové příjmy",117935060
"00294900","2008/12","Kapitálové příjmy",133653720
"00294900","2008/12","Nedaňové příjmy",10721310
"00295671","2008/12","Daňové příjmy",140025640
"00295671","2008/12","Kapitálové příjmy",10720660
"00295671","2008/12","Nedaňové příjmy",14319090
"00295841","2008/12","Daňové příjmy",279397680
"00295841","2008/12","Kapitálové příjmy",259308630
"00295841","2008/12","Nedaňové příjmy",108462580
"00295892","2008/12","Daňové příjmy",199858100
"00295892","2008/12","Kapitálové příjmy",10776360
"00295892","2008/12","Nedaňové příjmy",46579480
"00296139","2008/12","Daňové příjmy",272563110
"00296139","2008/12","Kapitálové příjmy",8491740
"00296139","2008/12","Nedaňové příjmy",91267220
"00296317","2008/12","Daňové příjmy",99293280
"00296317","2008/12","Kapitálové příjmy",14081560
"00296317","2008/12","Nedaňové příjmy",35393890
"00296643","2008/12","Daňové příjmy",733835730
"00296643","2008/12","Kapitálové příjmy",139499260
"00296643","2008/12","Nedaňové příjmy",151686780
"00296651","2008/12","Daňové příjmy",97499470
"00296651","2008/12","Kapitálové příjmy",9894680
"00296651","2008/12","Nedaňové příjmy",11776150
"00296759","2008/12","Daňové příjmy",51441940
"00296759","2008/12","Kapitálové příjmy",3412890
"00296759","2008/12","Nedaňové příjmy",10827250
"00297313","2008/12","Daňové příjmy",428802950
"00297313","2008/12","Kapitálové příjmy",20535550
"00297313","2008/12","Nedaňové příjmy",84803500
"00297437","2008/12","Daňové příjmy",263219420
"00297437","2008/12","Kapitálové příjmy",5965950
"00297437","2008/12","Nedaňové příjmy",43221820
"00297488","2008/12","Daňové příjmy",974673490
"00297488","2008/12","Kapitálové příjmy",10036560
"00297488","2008/12","Nedaňové příjmy",49011210
"00297534","2008/12","Daňové příjmy",743475430
"00297534","2008/12","Kapitálové příjmy",19799700
"00297534","2008/12","Nedaňové příjmy",229462440
"00297569","2008/12","Daňové příjmy",239180610
"00297569","2008/12","Kapitálové příjmy",18367090
"00297569","2008/12","Nedaňové příjmy",242746740
"00297577","2008/12","Daňové příjmy",333621140
"00297577","2008/12","Kapitálové příjmy",34203850
"00297577","2008/12","Nedaňové příjmy",77791980
"00297755","2008/12","Daňové příjmy",75948820
"00297755","2008/12","Kapitálové příjmy",9080880
"00297755","2008/12","Nedaňové příjmy",33868410
"00297852","2008/12","Daňové příjmy",120516050
"00297852","2008/12","Kapitálové příjmy",13567480
"00297852","2008/12","Nedaňové příjmy",63659190
"00298077","2008/12","Daňové příjmy",248155970
"00298077","2008/12","Kapitálové příjmy",107787700
"00298077","2008/12","Nedaňové příjmy",14214090
"00298212","2008/12","Daňové příjmy",281083090
"00298212","2008/12","Kapitálové příjmy",29408800
"00298212","2008/12","Nedaňové příjmy",81210640
"00298221","2008/12","Daňové příjmy",74165710
"00298221","2008/12","Kapitálové příjmy",12707500
"00298221","2008/12","Nedaňové příjmy",14313760
"00299138","2008/12","Daňové příjmy",118612040
"00299138","2008/12","Kapitálové příjmy",9414120
"00299138","2008/12","Nedaňové příjmy",31361030
"00299308","2008/12","Daňové příjmy",1419116090
"00299308","2008/12","Kapitálové příjmy",4274520
"00299308","2008/12","Nedaňové příjmy",78389430
"00299529","2008/12","Daňové příjmy",161896780
"00299529","2008/12","Nedaňové příjmy",23013440
"00299634","2008/12","Daňové příjmy",135570770
"00299634","2008/12","Kapitálové příjmy",18001440
"00299634","2008/12","Nedaňové příjmy",16715770
"00300063","2008/12","Daňové příjmy",151448400
"00300063","2008/12","Kapitálové příjmy",12756580
"00300063","2008/12","Nedaňové příjmy",26155870
"00300292","2008/12","Daňové příjmy",67218230
"00300292","2008/12","Kapitálové příjmy",26025140
"00300292","2008/12","Nedaňové příjmy",32684880
"00300535","2008/12","Daňové příjmy",733286850
"00300535","2008/12","Kapitálové příjmy",184670250
"00300535","2008/12","Nedaňové příjmy",170099780
"00300870","2008/12","Daňové příjmy",61203880
"00300870","2008/12","Kapitálové příjmy",10565990
"00300870","2008/12","Nedaňové příjmy",19152280
"00301311","2008/12","Daňové příjmy",219963050
"00301311","2008/12","Kapitálové příjmy",30667180
"00301311","2008/12","Nedaňové příjmy",40106880
"00301493","2008/12","Daňové příjmy",92275610
"00301493","2008/12","Kapitálové příjmy",25734370
"00301493","2008/12","Nedaňové příjmy",26640700
"00301825","2008/12","Daňové příjmy",574697830
"00301825","2008/12","Kapitálové příjmy",79633100
"00301825","2008/12","Nedaňové příjmy",115243050
"00302724","2008/12","Daňové příjmy",138880260
"00302724","2008/12","Kapitálové příjmy",7046100
"00302724","2008/12","Nedaňové příjmy",40578710
"00303038","2008/12","Daňové příjmy",104185630
"00303038","2008/12","Kapitálové příjmy",21441110
"00303038","2008/12","Nedaňové příjmy",11399430
"00303461","2008/12","Daňové příjmy",314937030
"00303461","2008/12","Kapitálové příjmy",29591090
"00303461","2008/12","Nedaňové příjmy",47529410
"00303640","2008/12","Daňové příjmy",185642290
"00303640","2008/12","Kapitálové příjmy",4217140
"00303640","2008/12","Nedaňové příjmy",13349180
"00304271","2008/12","Daňové příjmy",184784770
"00304271","2008/12","Kapitálové příjmy",14117160
"00304271","2008/12","Nedaňové příjmy",28497820
"00304387","2008/12","Daňové příjmy",316708190
"00304387","2008/12","Kapitálové příjmy",34127290
"00304387","2008/12","Nedaňové příjmy",53128830
"00304450","2008/12","Daňové příjmy",324404480
"00304450","2008/12","Kapitálové příjmy",47724730
"00304450","2008/12","Nedaňové příjmy",82875110
"00845451","2008/12","Daňové příjmy",6813546040
"00845451","2008/12","Kapitálové příjmy",419980110
"00845451","2008/12","Nedaňové příjmy",1073052170
"44992785","2008/12","Daňové příjmy",8125109490
"44992785","2008/12","Kapitálové příjmy",728376600
"44992785","2008/12","Nedaňové příjmy",898065310
"00075370","2009/12","Daňové příjmy",3278100760
"00075370","2009/12","Kapitálové příjmy",206366930
"00075370","2009/12","Nedaňové příjmy",1143436260
"00081531","2009/12","Daňové příjmy",1110665060
"00081531","2009/12","Kapitálové příjmy",240210
"00081531","2009/12","Nedaňové příjmy",44550940
"00231401","2009/12","Daňové příjmy",195065770
"00231401","2009/12","Kapitálové příjmy",8943150
"00231401","2009/12","Nedaňové příjmy",14095610
"00232947","2009/12","Daňové příjmy",112213940
"00232947","2009/12","Kapitálové příjmy",118873630
"00232947","2009/12","Nedaňové příjmy",58146000
"00232963","2009/12","Daňové příjmy",53393580
"00232963","2009/12","Kapitálové příjmy",446800
"00232963","2009/12","Nedaňové příjmy",28429740
"00233129","2009/12","Daňové příjmy",203720010
"00233129","2009/12","Kapitálové příjmy",36931250
"00233129","2009/12","Nedaňové příjmy",17649480
"00233242","2009/12","Daňové příjmy",84392310
"00233242","2009/12","Kapitálové příjmy",2398520
"00233242","2009/12","Nedaňové příjmy",7630130
"00234516","2009/12","Daňové příjmy",738436950
"00234516","2009/12","Kapitálové příjmy",88804010
"00234516","2009/12","Nedaňové příjmy",171095960
"00234877","2009/12","Daňové příjmy",150506070
"00234877","2009/12","Kapitálové příjmy",9957740
"00234877","2009/12","Nedaňové příjmy",20455080
"00235334","2009/12","Daňové příjmy",64792840
"00235334","2009/12","Kapitálové příjmy",1184000
"00235334","2009/12","Nedaňové příjmy",6794410
"00235440","2009/12","Daňové příjmy",348718410
"00235440","2009/12","Kapitálové příjmy",130689460
"00235440","2009/12","Nedaňové příjmy",225649480
"00236021","2009/12","Daňové příjmy",141468620
"00236021","2009/12","Kapitálové příjmy",98271480
"00236021","2009/12","Nedaňové příjmy",54515070
"00236195","2009/12","Daňové příjmy",229430940
"00236195","2009/12","Kapitálové příjmy",23824830
"00236195","2009/12","Nedaňové příjmy",88951520
"00236977","2009/12","Daňové příjmy",176747880
"00236977","2009/12","Nedaňové příjmy",41715200
"00237051","2009/12","Daňové příjmy",186022990
"00237051","2009/12","Kapitálové příjmy",28195890
"00237051","2009/12","Nedaňové příjmy",39440400
"00237108","2009/12","Daňové příjmy",151374050
"00237108","2009/12","Kapitálové příjmy",34582670
"00237108","2009/12","Nedaňové příjmy",10293300
"00238295","2009/12","Daňové příjmy",516717990
"00238295","2009/12","Kapitálové příjmy",97634140
"00238295","2009/12","Nedaňové příjmy",30318300
"00238309","2009/12","Daňové příjmy",76228400
"00238309","2009/12","Kapitálové příjmy",5952150
"00238309","2009/12","Nedaňové příjmy",4799720
"00239402","2009/12","Daňové příjmy",81293630
"00239402","2009/12","Kapitálové příjmy",5502640
"00239402","2009/12","Nedaňové příjmy",21439300
"00239500","2009/12","Daňové příjmy",145453490
"00239500","2009/12","Kapitálové příjmy",21519440
"00239500","2009/12","Nedaňové příjmy",35699020
"00239640","2009/12","Daňové příjmy",140846990
"00239640","2009/12","Kapitálové příjmy",8494710
"00239640","2009/12","Nedaňové příjmy",31009550
"00240079","2009/12","Daňové příjmy",179914300
"00240079","2009/12","Kapitálové příjmy",351194830
"00240079","2009/12","Nedaňové příjmy",69103520
"00240702","2009/12","Daňové příjmy",152349910
"00240702","2009/12","Kapitálové příjmy",4856460
"00240702","2009/12","Nedaňové příjmy",51063390
"00241121","2009/12","Daňové příjmy",77874940
"00241121","2009/12","Kapitálové příjmy",5952860
"00241121","2009/12","Nedaňové příjmy",35765480
"00242098","2009/12","Daňové příjmy",78022470
"00242098","2009/12","Kapitálové příjmy",10017590
"00242098","2009/12","Nedaňové příjmy",15158530
"00243132","2009/12","Daňové příjmy",356522300
"00243132","2009/12","Kapitálové příjmy",30527640
"00243132","2009/12","Nedaňové příjmy",73290090
"00243272","2009/12","Daňové příjmy",69196430
"00243272","2009/12","Kapitálové příjmy",10305290
"00243272","2009/12","Nedaňové příjmy",36559970
"00244309","2009/12","Daňové příjmy",165577670
"00244309","2009/12","Kapitálové příjmy",7208560
"00244309","2009/12","Nedaňové příjmy",24940810
"00244732","2009/12","Daňové příjmy",1103030940
"00244732","2009/12","Kapitálové příjmy",19302710
"00244732","2009/12","Nedaňové příjmy",412709570
"00245551","2009/12","Daňové příjmy",44249770
"00245551","2009/12","Kapitálové příjmy",1020110
"00245551","2009/12","Nedaňové příjmy",17184900
"00245585","2009/12","Daňové příjmy",80879320
"00245585","2009/12","Kapitálové příjmy",24911300
"00245585","2009/12","Nedaňové příjmy",24302650
"00245836","2009/12","Daňové příjmy",152510470
"00245836","2009/12","Kapitálové příjmy",52670990
"00245836","2009/12","Nedaňové příjmy",56160900
"00245941","2009/12","Daňové příjmy",72451460
"00245941","2009/12","Kapitálové příjmy",6561740
"00245941","2009/12","Nedaňové příjmy",15809280
"00246476","2009/12","Daňové příjmy",84594830
"00246476","2009/12","Kapitálové příjmy",5922860
"00246476","2009/12","Nedaňové příjmy",13978050
"00246875","2009/12","Daňové příjmy",249057350
"00246875","2009/12","Kapitálové příjmy",7945380
"00246875","2009/12","Nedaňové příjmy",98933590
"00247618","2009/12","Daňové příjmy",124257550
"00247618","2009/12","Kapitálové příjmy",55007580
"00247618","2009/12","Nedaňové příjmy",102126890
"00248266","2009/12","Daňové příjmy",109293750
"00248266","2009/12","Kapitálové příjmy",24028430
"00248266","2009/12","Nedaňové příjmy",37290360
"00248789","2009/12","Daňové příjmy",58356200
"00248789","2009/12","Kapitálové příjmy",5040020
"00248789","2009/12","Nedaňové příjmy",21795810
"00248801","2009/12","Daňové příjmy",185024620
"00248801","2009/12","Kapitálové příjmy",17586620
"00248801","2009/12","Nedaňové příjmy",39059310
"00249831","2009/12","Daňové příjmy",88246380
"00249831","2009/12","Nedaňové příjmy",7103900
"00249998","2009/12","Daňové příjmy",357015770
"00249998","2009/12","Kapitálové příjmy",86565740
"00249998","2009/12","Nedaňové příjmy",198006060
"00250627","2009/12","Daňové příjmy",131193120
"00250627","2009/12","Kapitálové příjmy",20731650
"00250627","2009/12","Nedaňové příjmy",41622180
"00250805","2009/12","Daňové příjmy",83067590
"00250805","2009/12","Kapitálové příjmy",14164870
"00250805","2009/12","Nedaňové příjmy",32073900
"00250996","2009/12","Daňové příjmy",63305240
"00250996","2009/12","Kapitálové příjmy",1208120
"00250996","2009/12","Nedaňové příjmy",12584500
"00251810","2009/12","Daňové příjmy",252701830
"00251810","2009/12","Kapitálové příjmy",30822650
"00251810","2009/12","Nedaňové příjmy",76623340
"00251984","2009/12","Daňové příjmy",68329320
"00251984","2009/12","Kapitálové příjmy",3589550
"00251984","2009/12","Nedaňové příjmy",14112580
"00252921","2009/12","Daňové příjmy",67239220
"00252921","2009/12","Kapitálové příjmy",5640170
"00252921","2009/12","Nedaňové příjmy",25756920
"00253014","2009/12","Daňové příjmy",419624660
"00253014","2009/12","Kapitálové příjmy",138945240
"00253014","2009/12","Nedaňové příjmy",196303250
"00253316","2009/12","Daňové příjmy",123645830
"00253316","2009/12","Kapitálové příjmy",13907280
"00253316","2009/12","Nedaňové příjmy",44451790
"00253383","2009/12","Daňové příjmy",60731930
"00253383","2009/12","Kapitálové příjmy",3167300
"00253383","2009/12","Nedaňové příjmy",8509790
"00253901","2009/12","Daňové příjmy",124950830
"00253901","2009/12","Kapitálové příjmy",65187940
"00253901","2009/12","Nedaňové příjmy",13275840
"00253979","2009/12","Daňové příjmy",359575310
"00253979","2009/12","Kapitálové příjmy",50140990
"00253979","2009/12","Nedaňové příjmy",125385350
"00254061","2009/12","Daňové příjmy",162147230
"00254061","2009/12","Kapitálové příjmy",85447260
"00254061","2009/12","Nedaňové příjmy",57820170
"00254657","2009/12","Daňové příjmy",635116620
"00254657","2009/12","Kapitálové příjmy",167500
"00254657","2009/12","Nedaňové příjmy",253560410
"00254843","2009/12","Daňové příjmy",161621470
"00254843","2009/12","Kapitálové příjmy",20600880
"00254843","2009/12","Nedaňové příjmy",92562610
"00255513","2009/12","Daňové příjmy",54780540
"00255513","2009/12","Kapitálové příjmy",6968460
"00255513","2009/12","Nedaňové příjmy",26054360
"00255661","2009/12","Daňové příjmy",209894170
"00255661","2009/12","Kapitálové příjmy",29429950
"00255661","2009/12","Nedaňové příjmy",59468700
"00256129","2009/12","Daňové příjmy",114091460
"00256129","2009/12","Kapitálové příjmy",2370400
"00256129","2009/12","Nedaňové příjmy",33937740
"00256455","2009/12","Daňové příjmy",35574320
"00256455","2009/12","Kapitálové příjmy",3751670
"00256455","2009/12","Nedaňové příjmy",7230540
"00256986","2009/12","Daňové příjmy",32393260
"00256986","2009/12","Kapitálové příjmy",4030000
"00256986","2009/12","Nedaňové příjmy",27075630
"00257125","2009/12","Daňové příjmy",63717130
"00257125","2009/12","Kapitálové příjmy",12268090
"00257125","2009/12","Nedaňové příjmy",27759240
"00257265","2009/12","Daňové příjmy",34239460
"00257265","2009/12","Kapitálové příjmy",2891480
"00257265","2009/12","Nedaňové příjmy",15138040
"00257966","2009/12","Daňové příjmy",32612960
"00257966","2009/12","Kapitálové příjmy",343200
"00257966","2009/12","Nedaňové příjmy",9724510
"00258199","2009/12","Daňové příjmy",68779590
"00258199","2009/12","Kapitálové příjmy",4005400
"00258199","2009/12","Nedaňové příjmy",13813570
"00259047","2009/12","Daňové příjmy",154395770
"00259047","2009/12","Kapitálové příjmy",5347780
"00259047","2009/12","Nedaňové příjmy",48313550
"00259438","2009/12","Daňové příjmy",59673710
"00259438","2009/12","Kapitálové příjmy",2068010
"00259438","2009/12","Nedaňové příjmy",16231700
"00259586","2009/12","Daňové příjmy",236507060
"00259586","2009/12","Kapitálové příjmy",47655250
"00259586","2009/12","Nedaňové příjmy",132540630
"00260177","2009/12","Daňové příjmy",82176350
"00260177","2009/12","Kapitálové příjmy",19242410
"00260177","2009/12","Nedaňové příjmy",23755810
"00260231","2009/12","Daňové příjmy",129387030
"00260231","2009/12","Kapitálové příjmy",9796060
"00260231","2009/12","Nedaňové příjmy",57706250
"00260428","2009/12","Daňové příjmy",424870850
"00260428","2009/12","Kapitálové příjmy",53587040
"00260428","2009/12","Nedaňové příjmy",157608230
"00260771","2009/12","Daňové příjmy",110608730
"00260771","2009/12","Kapitálové příjmy",4159600
"00260771","2009/12","Nedaňové příjmy",5845010
"00261238","2009/12","Daňové příjmy",529010630
"00261238","2009/12","Kapitálové příjmy",30316930
"00261238","2009/12","Nedaňové příjmy",28976210
"00261602","2009/12","Daňové příjmy",97902780
"00261602","2009/12","Kapitálové příjmy",17214400
"00261602","2009/12","Nedaňové příjmy",25433170
"00261718","2009/12","Daňové příjmy",143123570
"00261718","2009/12","Kapitálové příjmy",18385420
"00261718","2009/12","Nedaňové příjmy",28751440
"00261891","2009/12","Daňové příjmy",509557840
"00261891","2009/12","Kapitálové příjmy",40640890
"00261891","2009/12","Nedaňové příjmy",100769140
"00261912","2009/12","Daňové příjmy",232626360
"00261912","2009/12","Kapitálové příjmy",12408920
"00261912","2009/12","Nedaňové příjmy",18744620
"00262340","2009/12","Daňové příjmy",457322270
"00262340","2009/12","Kapitálové příjmy",62036040
"00262340","2009/12","Nedaňové příjmy",148311910
"00262587","2009/12","Daňové příjmy",60072310
"00262587","2009/12","Kapitálové příjmy",5483410
"00262587","2009/12","Nedaňové příjmy",18196980
"00262633","2009/12","Daňové příjmy",58014840
"00262633","2009/12","Kapitálové příjmy",1266760
"00262633","2009/12","Nedaňové příjmy",31825820
"00262781","2009/12","Daňové příjmy",76632660
"00262781","2009/12","Kapitálové příjmy",4933400
"00262781","2009/12","Nedaňové příjmy",18559170
"00262978","2009/12","Daňové příjmy",1225930040
"00262978","2009/12","Kapitálové příjmy",48796660
"00262978","2009/12","Nedaňové příjmy",79791100
"00263958","2009/12","Daňové příjmy",249845970
"00263958","2009/12","Kapitálové příjmy",154514270
"00263958","2009/12","Nedaňové příjmy",37598800
"00263991","2009/12","Daňové příjmy",85472070
"00263991","2009/12","Kapitálové příjmy",40311110
"00263991","2009/12","Nedaňové příjmy",27016670
"00264334","2009/12","Daňové příjmy",128536900
"00264334","2009/12","Kapitálové příjmy",338550
"00264334","2009/12","Nedaňové příjmy",26285500
"00265209","2009/12","Daňové příjmy",176781490
"00265209","2009/12","Kapitálové příjmy",39830900
"00265209","2009/12","Nedaňové příjmy",31165380
"00265365","2009/12","Daňové příjmy",63006580
"00265365","2009/12","Kapitálové příjmy",14971300
"00265365","2009/12","Nedaňové příjmy",10867880
"00265781","2009/12","Daňové příjmy",186482870
"00265781","2009/12","Kapitálové příjmy",23501060
"00265781","2009/12","Nedaňové příjmy",39448300
"00266027","2009/12","Daňové příjmy",300381520
"00266027","2009/12","Kapitálové příjmy",18869530
"00266027","2009/12","Nedaňové příjmy",64488550
"00266094","2009/12","Daňové příjmy",700358520
"00266094","2009/12","Kapitálové příjmy",51106510
"00266094","2009/12","Nedaňové příjmy",83034090
"00266230","2009/12","Daňové příjmy",153421830
"00266230","2009/12","Kapitálové příjmy",12437550
"00266230","2009/12","Nedaňové příjmy",84554260
"00266621","2009/12","Daňové příjmy",588972160
"00266621","2009/12","Kapitálové příjmy",28887060
"00266621","2009/12","Nedaňové příjmy",68774080
"00267449","2009/12","Daňové příjmy",274330700
"00267449","2009/12","Kapitálové příjmy",118163430
"00267449","2009/12","Nedaňové příjmy",84728510
"00267538","2009/12","Daňové příjmy",90504410
"00267538","2009/12","Kapitálové příjmy",18548510
"00267538","2009/12","Nedaňové příjmy",10842760
"00268321","2009/12","Daňové příjmy",62954080
"00268321","2009/12","Kapitálové příjmy",8947140
"00268321","2009/12","Nedaňové příjmy",14612550
"00268810","2009/12","Daňové příjmy",1181756010
"00268810","2009/12","Kapitálové příjmy",99429850
"00268810","2009/12","Nedaňové příjmy",323345560
"00269247","2009/12","Daňové příjmy",70009010
"00269247","2009/12","Kapitálové příjmy",16289540
"00269247","2009/12","Nedaňové příjmy",26006980
"00270059","2009/12","Daňové příjmy",100345670
"00270059","2009/12","Kapitálové příjmy",3437970
"00270059","2009/12","Nedaňové příjmy",29945760
"00270211","2009/12","Daňové příjmy",240359160
"00270211","2009/12","Kapitálové příjmy",7691390
"00270211","2009/12","Nedaňové příjmy",39146950
"00271560","2009/12","Daňové příjmy",83656570
"00271560","2009/12","Kapitálové příjmy",3899200
"00271560","2009/12","Nedaňové příjmy",26733430
"00271632","2009/12","Daňové příjmy",202369430
"00271632","2009/12","Kapitálové příjmy",73139220
"00271632","2009/12","Nedaňové příjmy",48645670
"00271888","2009/12","Daňové příjmy",88269290
"00271888","2009/12","Kapitálové příjmy",12344720
"00271888","2009/12","Nedaňové příjmy",23002320
"00272523","2009/12","Daňové příjmy",71012820
"00272523","2009/12","Kapitálové příjmy",23761330
"00272523","2009/12","Nedaňové příjmy",38060620
"00272728","2009/12","Daňové příjmy",117347310
"00272728","2009/12","Kapitálové příjmy",9600820
"00272728","2009/12","Nedaňové příjmy",47917420
"00272868","2009/12","Daňové příjmy",198204890
"00272868","2009/12","Kapitálové příjmy",165012760
"00272868","2009/12","Nedaňové příjmy",33251220
"00272876","2009/12","Daňové příjmy",87778340
"00272876","2009/12","Kapitálové příjmy",2643040
"00272876","2009/12","Nedaňové příjmy",22482340
"00273571","2009/12","Daňové příjmy",55539160
"00273571","2009/12","Kapitálové příjmy",389740
"00273571","2009/12","Nedaňové příjmy",23807150
"00274046","2009/12","Daňové příjmy",1066510410
"00274046","2009/12","Kapitálové příjmy",146496490
"00274046","2009/12","Nedaňové příjmy",85422240
"00274101","2009/12","Daňové příjmy",84409780
"00274101","2009/12","Kapitálové příjmy",40408830
"00274101","2009/12","Nedaňové příjmy",13007900
"00274879","2009/12","Daňové příjmy",85616340
"00274879","2009/12","Kapitálové příjmy",6254730
"00274879","2009/12","Nedaňové příjmy",20123130
"00274968","2009/12","Daňové příjmy",57494470
"00274968","2009/12","Kapitálové příjmy",16711160
"00274968","2009/12","Nedaňové příjmy",13695500
"00275336","2009/12","Daňové příjmy",112867680
"00275336","2009/12","Kapitálové příjmy",1607050
"00275336","2009/12","Nedaňové příjmy",53509040
"00275808","2009/12","Daňové příjmy",52336060
"00275808","2009/12","Kapitálové příjmy",3677140
"00275808","2009/12","Nedaňové příjmy",26490800
"00276111","2009/12","Daňové příjmy",80752690
"00276111","2009/12","Kapitálové příjmy",1007200
"00276111","2009/12","Nedaňové příjmy",18145820
"00276227","2009/12","Daňové příjmy",178728590
"00276227","2009/12","Kapitálové příjmy",55136740
"00276227","2009/12","Nedaňové příjmy",64236150
"00276944","2009/12","Daňové příjmy",113086530
"00276944","2009/12","Kapitálové příjmy",477800
"00276944","2009/12","Nedaňové příjmy",10897630
"00277037","2009/12","Daňové příjmy",101503650
"00277037","2009/12","Kapitálové příjmy",90901370
"00277037","2009/12","Nedaňové příjmy",20955060
"00277177","2009/12","Daňové příjmy",94951370
"00277177","2009/12","Kapitálové příjmy",19710370
"00277177","2009/12","Nedaňové příjmy",43757190
"00277444","2009/12","Daňové příjmy",188755540
"00277444","2009/12","Kapitálové příjmy",65293450
"00277444","2009/12","Nedaňové příjmy",67570260
"00277819","2009/12","Daňové příjmy",160591460
"00277819","2009/12","Kapitálové příjmy",22522240
"00277819","2009/12","Nedaňové příjmy",71429620
"00278360","2009/12","Daňové příjmy",312996280
"00278360","2009/12","Kapitálové příjmy",70833900
"00278360","2009/12","Nedaňové příjmy",45782800
"00278475","2009/12","Daňové příjmy",121801700
"00278475","2009/12","Kapitálové příjmy",25687330
"00278475","2009/12","Nedaňové příjmy",27574840
"00278653","2009/12","Daňové příjmy",149771250
"00278653","2009/12","Kapitálové příjmy",18194610
"00278653","2009/12","Nedaňové příjmy",16061320
"00279072","2009/12","Daňové příjmy",41033810
"00279072","2009/12","Kapitálové příjmy",4423310
"00279072","2009/12","Nedaňové příjmy",8659370
"00279102","2009/12","Daňové příjmy",96111020
"00279102","2009/12","Kapitálové příjmy",13622730
"00279102","2009/12","Nedaňové příjmy",21605010
"00279676","2009/12","Daňové příjmy",137491970
"00279676","2009/12","Kapitálové příjmy",14283770
"00279676","2009/12","Nedaňové příjmy",27210670
"00279773","2009/12","Daňové příjmy",126405070
"00279773","2009/12","Kapitálové příjmy",4266140
"00279773","2009/12","Nedaňové příjmy",26664550
"00279846","2009/12","Daňové příjmy",68139350
"00279846","2009/12","Kapitálové příjmy",32453920
"00279846","2009/12","Nedaňové příjmy",11774170
"00279943","2009/12","Daňové příjmy",198469040
"00279943","2009/12","Kapitálové příjmy",11731180
"00279943","2009/12","Nedaňové příjmy",54910050
"00279978","2009/12","Daňové příjmy",106509510
"00279978","2009/12","Kapitálové příjmy",20467250
"00279978","2009/12","Nedaňové příjmy",38799060
"00281859","2009/12","Daňové příjmy",83832200
"00281859","2009/12","Kapitálové příjmy",746060
"00281859","2009/12","Nedaňové příjmy",8367280
"00281964","2009/12","Daňové příjmy",98330070
"00281964","2009/12","Kapitálové příjmy",120500
"00281964","2009/12","Nedaňové příjmy",31607920
"00282481","2009/12","Daňové příjmy",50180760
"00282481","2009/12","Kapitálové příjmy",6232980
"00282481","2009/12","Nedaňové příjmy",4822850
"00282651","2009/12","Daňové příjmy",68846060
"00282651","2009/12","Kapitálové příjmy",3794850
"00282651","2009/12","Nedaňové příjmy",15925560
"00282707","2009/12","Daňové příjmy",77190700
"00282707","2009/12","Kapitálové příjmy",3429390
"00282707","2009/12","Nedaňové příjmy",21514140
"00282979","2009/12","Daňové příjmy",33355420
"00282979","2009/12","Kapitálové příjmy",321260
"00282979","2009/12","Nedaňové příjmy",14769610
"00283061","2009/12","Daňové příjmy",253056620
"00283061","2009/12","Kapitálové příjmy",312898240
"00283061","2009/12","Nedaňové příjmy",84241040
"00283193","2009/12","Daňové příjmy",64971210
"00283193","2009/12","Kapitálové příjmy",21249550
"00283193","2009/12","Nedaňové příjmy",25010340
"00283347","2009/12","Daňové příjmy",79557560
"00283347","2009/12","Kapitálové příjmy",16517090
"00283347","2009/12","Nedaňové příjmy",36853620
"00283509","2009/12","Daňové příjmy",44423490
"00283509","2009/12","Kapitálové příjmy",34017840
"00283509","2009/12","Nedaňové příjmy",25582980
"00283924","2009/12","Daňové příjmy",860285890
"00283924","2009/12","Kapitálové příjmy",139297460
"00283924","2009/12","Nedaňové příjmy",258992770
"00284165","2009/12","Daňové příjmy",58146080
"00284165","2009/12","Kapitálové příjmy",7094580
"00284165","2009/12","Nedaňové příjmy",13320200
"00284301","2009/12","Daňové příjmy",205664790
"00284301","2009/12","Kapitálové příjmy",4020980
"00284301","2009/12","Nedaňové příjmy",35543480
"00284611","2009/12","Daňové příjmy",47383050
"00284611","2009/12","Kapitálové příjmy",3593790
"00284611","2009/12","Nedaňové příjmy",14803580
"00284653","2009/12","Daňové příjmy",39140670
"00284653","2009/12","Kapitálové příjmy",6821940
"00284653","2009/12","Nedaňové příjmy",7172320
"00284891","2009/12","Daňové příjmy",256019560
"00284891","2009/12","Kapitálové příjmy",28453180
"00284891","2009/12","Nedaňové příjmy",57433710
"00285030","2009/12","Daňové příjmy",122222460
"00285030","2009/12","Kapitálové příjmy",74785780
"00285030","2009/12","Nedaňové příjmy",24436270
"00285455","2009/12","Daňové příjmy",110747060
"00285455","2009/12","Kapitálové příjmy",19383720
"00285455","2009/12","Nedaňové příjmy",17726420
"00286010","2009/12","Daňové příjmy",618531620
"00286010","2009/12","Kapitálové příjmy",156465760
"00286010","2009/12","Nedaňové příjmy",114394440
"00286745","2009/12","Daňové příjmy",48411380
"00286745","2009/12","Kapitálové příjmy",624850
"00286745","2009/12","Nedaňové příjmy",14595220
"00287113","2009/12","Daňové příjmy",86374470
"00287113","2009/12","Kapitálové příjmy",4783810
"00287113","2009/12","Nedaňové příjmy",30457430
"00287172","2009/12","Daňové příjmy",118295750
"00287172","2009/12","Kapitálové příjmy",19806290
"00287172","2009/12","Nedaňové příjmy",45475810
"00287351","2009/12","Daňové příjmy",280590040
"00287351","2009/12","Kapitálové příjmy",7511450
"00287351","2009/12","Nedaňové příjmy",37466790
"00288365","2009/12","Daňové příjmy",25361590
"00288365","2009/12","Kapitálové příjmy",6655370
"00288365","2009/12","Nedaňové příjmy",5429700
"00288659","2009/12","Daňové příjmy",483066080
"00288659","2009/12","Kapitálové příjmy",170629510
"00288659","2009/12","Nedaňové příjmy",143130790
"00289931","2009/12","Daňové příjmy",76943290
"00289931","2009/12","Kapitálové příjmy",1892710
"00289931","2009/12","Nedaňové příjmy",18968940
"00289965","2009/12","Daňové příjmy",44976300
"00289965","2009/12","Kapitálové příjmy",31808420
"00289965","2009/12","Nedaňové příjmy",14493060
"00290629","2009/12","Daňové příjmy",391762160
"00290629","2009/12","Kapitálové příjmy",10991520
"00290629","2009/12","Nedaňové příjmy",41415890
"00291463","2009/12","Daňové příjmy",180940750
"00291463","2009/12","Kapitálové příjmy",16795680
"00291463","2009/12","Nedaňové příjmy",31134560
"00291471","2009/12","Daňové příjmy",278836050
"00291471","2009/12","Kapitálové příjmy",75896070
"00291471","2009/12","Nedaňové příjmy",118107990
"00291676","2009/12","Daňové příjmy",55497830
"00291676","2009/12","Kapitálové příjmy",6204770
"00291676","2009/12","Nedaňové příjmy",6786830
"00292311","2009/12","Daňové příjmy",54888420
"00292311","2009/12","Kapitálové příjmy",3432150
"00292311","2009/12","Nedaňové příjmy",7008320
"00292427","2009/12","Daňové příjmy",262954300
"00292427","2009/12","Kapitálové příjmy",45058380
"00292427","2009/12","Nedaňové příjmy",24613420
"00293199","2009/12","Daňové příjmy",53108840
"00293199","2009/12","Kapitálové příjmy",17674990
"00293199","2009/12","Nedaňové příjmy",12108430
"00293881","2009/12","Daňové příjmy",376083750
"00293881","2009/12","Kapitálové příjmy",51512260
"00293881","2009/12","Nedaňové příjmy",239796060
"00294136","2009/12","Daňové příjmy",95886540
"00294136","2009/12","Nedaňové příjmy",9410600
"00294900","2009/12","Daňové příjmy",104732290
"00294900","2009/12","Kapitálové příjmy",34456360
"00294900","2009/12","Nedaňové příjmy",35704330
"00295671","2009/12","Daňové příjmy",114815220
"00295671","2009/12","Kapitálové příjmy",12856580
"00295671","2009/12","Nedaňové příjmy",11453970
"00295841","2009/12","Daňové příjmy",242302180
"00295841","2009/12","Kapitálové příjmy",15623510
"00295841","2009/12","Nedaňové příjmy",85132710
"00295892","2009/12","Daňové příjmy",170755410
"00295892","2009/12","Kapitálové příjmy",71689470
"00295892","2009/12","Nedaňové příjmy",56297300
"00296139","2009/12","Daňové příjmy",233687140
"00296139","2009/12","Kapitálové příjmy",10907040
"00296139","2009/12","Nedaňové příjmy",87027700
"00296317","2009/12","Daňové příjmy",84090000
"00296317","2009/12","Kapitálové příjmy",10599180
"00296317","2009/12","Nedaňové příjmy",38881780
"00296643","2009/12","Daňové příjmy",666232700
"00296643","2009/12","Kapitálové příjmy",108912560
"00296643","2009/12","Nedaňové příjmy",174524520
"00296651","2009/12","Daňové příjmy",90944240
"00296651","2009/12","Kapitálové příjmy",3387900
"00296651","2009/12","Nedaňové příjmy",17180220
"00296759","2009/12","Daňové příjmy",46309560
"00296759","2009/12","Kapitálové příjmy",31342530
"00296759","2009/12","Nedaňové příjmy",15421920
"00297313","2009/12","Daňové příjmy",372716520
"00297313","2009/12","Kapitálové příjmy",38637540
"00297313","2009/12","Nedaňové příjmy",76274110
"00297437","2009/12","Daňové příjmy",230207850
"00297437","2009/12","Kapitálové příjmy",58574730
"00297437","2009/12","Nedaňové příjmy",51776020
"00297488","2009/12","Daňové příjmy",881830050
"00297488","2009/12","Kapitálové příjmy",39514530
"00297488","2009/12","Nedaňové příjmy",43641520
"00297534","2009/12","Daňové příjmy",657721980
"00297534","2009/12","Kapitálové příjmy",628491860
"00297534","2009/12","Nedaňové příjmy",279365040
"00297569","2009/12","Daňové příjmy",214555150
"00297569","2009/12","Kapitálové příjmy",19532720
"00297569","2009/12","Nedaňové příjmy",254659770
"00297577","2009/12","Daňové příjmy",301008390
"00297577","2009/12","Kapitálové příjmy",17798810
"00297577","2009/12","Nedaňové příjmy",69295230
"00297755","2009/12","Daňové příjmy",68796010
"00297755","2009/12","Kapitálové příjmy",5873120
"00297755","2009/12","Nedaňové příjmy",34501950
"00297852","2009/12","Daňové příjmy",103709080
"00297852","2009/12","Kapitálové příjmy",6437270
"00297852","2009/12","Nedaňové příjmy",48190710
"00298077","2009/12","Daňové příjmy",237869260
"00298077","2009/12","Kapitálové příjmy",2849540
"00298077","2009/12","Nedaňové příjmy",14733450
"00298212","2009/12","Daňové příjmy",248146410
"00298212","2009/12","Kapitálové příjmy",7671280
"00298212","2009/12","Nedaňové příjmy",79868300
"00298221","2009/12","Daňové příjmy",67331700
"00298221","2009/12","Kapitálové příjmy",4195020
"00298221","2009/12","Nedaňové příjmy",13090140
"00299138","2009/12","Daňové příjmy",100274450
"00299138","2009/12","Kapitálové příjmy",4082700
"00299138","2009/12","Nedaňové příjmy",32885190
"00299308","2009/12","Daňové příjmy",1188615440
"00299308","2009/12","Kapitálové příjmy",257260
"00299308","2009/12","Nedaňové příjmy",92519060
"00299529","2009/12","Daňové příjmy",129077250
"00299529","2009/12","Kapitálové příjmy",31252440
"00299529","2009/12","Nedaňové příjmy",18689020
"00299634","2009/12","Daňové příjmy",115183590
"00299634","2009/12","Kapitálové příjmy",26833600
"00299634","2009/12","Nedaňové příjmy",19650280
"00300063","2009/12","Daňové příjmy",129479390
"00300063","2009/12","Kapitálové příjmy",10432630
"00300063","2009/12","Nedaňové příjmy",26878550
"00300292","2009/12","Daňové příjmy",56156300
"00300292","2009/12","Kapitálové příjmy",4805940
"00300292","2009/12","Nedaňové příjmy",59744460
"00300535","2009/12","Daňové příjmy",673982410
"00300535","2009/12","Kapitálové příjmy",112313520
"00300535","2009/12","Nedaňové příjmy",131005660
"00300870","2009/12","Daňové příjmy",53886150
"00300870","2009/12","Kapitálové příjmy",3171530
"00300870","2009/12","Nedaňové příjmy",20453490
"00301311","2009/12","Daňové příjmy",204797700
"00301311","2009/12","Kapitálové příjmy",17313380
"00301311","2009/12","Nedaňové příjmy",29302420
"00301493","2009/12","Daňové příjmy",82376540
"00301493","2009/12","Kapitálové příjmy",22456690
"00301493","2009/12","Nedaňové příjmy",27831240
"00301825","2009/12","Daňové příjmy",498359780
"00301825","2009/12","Kapitálové příjmy",47033770
"00301825","2009/12","Nedaňové příjmy",123411480
"00302724","2009/12","Daňové příjmy",118400580
"00302724","2009/12","Kapitálové příjmy",4196340
"00302724","2009/12","Nedaňové příjmy",43676700
"00303038","2009/12","Daňové příjmy",93492530
"00303038","2009/12","Kapitálové příjmy",9487820
"00303038","2009/12","Nedaňové příjmy",12804170
"00303461","2009/12","Daňové příjmy",267602700
"00303461","2009/12","Kapitálové příjmy",64355950
"00303461","2009/12","Nedaňové příjmy",116972630
"00303640","2009/12","Daňové příjmy",127059680
"00303640","2009/12","Kapitálové příjmy",9510400
"00303640","2009/12","Nedaňové příjmy",11145860
"00304271","2009/12","Daňové příjmy",157683650
"00304271","2009/12","Kapitálové příjmy",2365610
"00304271","2009/12","Nedaňové příjmy",8168470
"00304387","2009/12","Daňové příjmy",269296040
"00304387","2009/12","Kapitálové příjmy",38520290
"00304387","2009/12","Nedaňové příjmy",74546170
"00304450","2009/12","Daňové příjmy",287921490
"00304450","2009/12","Kapitálové příjmy",37451310
"00304450","2009/12","Nedaňové příjmy",61429240
"00845451","2009/12","Daňové příjmy",5889728440
"00845451","2009/12","Kapitálové příjmy",343319540
"00845451","2009/12","Nedaňové příjmy",1224931910
"44992785","2009/12","Daňové příjmy",7063483730
"44992785","2009/12","Kapitálové příjmy",1077826530
"44992785","2009/12","Nedaňové příjmy",1140145780
