"","ico","year","Saldo_CZK"
"1",75370,2007,105212640
"2",81531,2007,-220943280
"3",231401,2007,17538080
"4",232947,2007,-5972700
"5",232963,2007,7749750
"6",233129,2007,-76668960
"7",233242,2007,4569630
"8",234516,2007,12144840
"9",234877,2007,12703730
"10",235334,2007,2632370
"11",235440,2007,-60190830
"12",236021,2007,23290340
"13",236195,2007,24517300
"14",236977,2007,21853680
"15",237051,2007,37802860
"16",237108,2007,-5153580
"17",238295,2007,5436610
"18",238309,2007,11410090
"19",239402,2007,6420510
"20",239500,2007,-146101840
"21",239640,2007,7624360
"22",240079,2007,49076390
"23",240702,2007,-14596190
"24",241121,2007,-2646330
"25",242098,2007,10355330
"26",243132,2007,-47047510
"27",243272,2007,11018500
"28",244309,2007,34171760
"29",244732,2007,57319460
"30",245551,2007,12329620
"31",245585,2007,-6021300
"32",245836,2007,32652510
"33",245941,2007,-15925400
"34",246476,2007,-39186300
"35",246875,2007,62638780
"36",247618,2007,39308950
"37",248266,2007,22406820
"38",248789,2007,-5717840
"39",248801,2007,17744330
"40",249831,2007,7317040
"41",249998,2007,142888390
"42",250627,2007,-15802210
"43",250805,2007,6119810
"44",250996,2007,17750570
"45",251810,2007,-18693600
"46",251984,2007,7886300
"47",252921,2007,7663100
"48",253014,2007,20453780
"49",253316,2007,47143100
"50",253383,2007,-4907250
"51",253901,2007,31603960
"52",253979,2007,23724450
"53",254061,2007,-18128930
"54",254657,2007,167058870
"55",254843,2007,28776060
"56",255513,2007,-25123320
"57",255661,2007,-8497040
"58",256129,2007,35250150
"59",256455,2007,10757590
"60",256986,2007,17240880
"61",257125,2007,17487290
"62",257265,2007,-425600
"63",257966,2007,938650
"64",258199,2007,8776060
"65",259047,2007,92456830
"66",259438,2007,1784300
"67",259586,2007,67921080
"68",260177,2007,-14348380
"69",260231,2007,19370740
"70",260428,2007,71349010
"71",260771,2007,27594700
"72",261238,2007,-90303970
"73",261602,2007,8057480
"74",261718,2007,26267620
"75",261891,2007,49208810
"76",261912,2007,8230850
"77",262340,2007,81122410
"78",262587,2007,8275850
"79",262633,2007,15063750
"80",262781,2007,25341000
"81",262978,2007,31444260
"82",263958,2007,8742000
"83",263991,2007,47422410
"84",264334,2007,-788040
"85",265209,2007,-38405270
"86",265365,2007,37426070
"87",265781,2007,31030150
"88",266027,2007,3936160
"89",266094,2007,99512120
"90",266230,2007,31530600
"91",266621,2007,-96271420
"92",267449,2007,-27434590
"93",267538,2007,8324910
"94",268321,2007,-16662070
"95",268810,2007,-89220730
"96",269247,2007,11543770
"97",270059,2007,-2442980
"98",270211,2007,-13772390
"99",271560,2007,-1262710
"100",271632,2007,96329280
"101",271888,2007,12185120
"102",272523,2007,143230
"103",272728,2007,13639530
"104",272868,2007,-20322350
"105",272876,2007,9183150
"106",273571,2007,4349970
"107",274046,2007,91451960
"108",274101,2007,5948480
"109",274879,2007,22522290
"110",274968,2007,2217330
"111",275336,2007,11428680
"112",275808,2007,1859830
"113",276111,2007,13824160
"114",276227,2007,-46666960
"115",276944,2007,15667620
"116",277037,2007,17551350
"117",277177,2007,33067840
"118",277444,2007,-41880500
"119",277819,2007,13954480
"120",278360,2007,7207330
"121",278475,2007,29728870
"122",278653,2007,-3712970
"123",279072,2007,4838400
"124",279102,2007,10178540
"125",279676,2007,-6968890
"126",279773,2007,10602280
"127",279846,2007,4202800
"128",279943,2007,31411340
"129",279978,2007,-14649000
"130",281859,2007,1445530
"131",281964,2007,-7669860
"132",282481,2007,7625760
"133",282651,2007,1519050
"134",282707,2007,-2933990
"135",282979,2007,3969870
"136",283061,2007,37814100
"137",283193,2007,-1512610
"138",283347,2007,4214090
"139",283509,2007,12413470
"140",283924,2007,72793060
"141",284165,2007,9797220
"142",284301,2007,16827280
"143",284611,2007,7056480
"144",284653,2007,-109210
"145",284891,2007,87056980
"146",285030,2007,-19258370
"147",285455,2007,14546190
"148",286010,2007,122189680
"149",286745,2007,13037270
"150",287113,2007,10605270
"151",287172,2007,29215240
"152",287351,2007,-18905710
"153",288365,2007,5880260
"154",288659,2007,-90299270
"155",289931,2007,5605460
"156",289965,2007,-4316330
"157",290629,2007,80876600
"158",291463,2007,17251480
"159",291471,2007,151981980
"160",291676,2007,6872790
"161",292311,2007,4105360
"162",292427,2007,116708880
"163",293199,2007,-6370370
"164",293881,2007,1526510
"165",294136,2007,-44860
"166",294900,2007,-12721780
"167",295671,2007,23784690
"168",295841,2007,-70607690
"169",295892,2007,6028360
"170",296139,2007,27114920
"171",296317,2007,-292810
"172",296643,2007,31485210
"173",296651,2007,869590
"174",296759,2007,10396510
"175",297313,2007,74144050
"176",297437,2007,22645080
"177",297488,2007,-114494500
"178",297534,2007,-1337220
"179",297569,2007,-22676930
"180",297577,2007,-20063250
"181",297755,2007,2995420
"182",297852,2007,-24132260
"183",298077,2007,15636340
"184",298212,2007,62801730
"185",298221,2007,-18186090
"186",299138,2007,33269990
"187",299308,2007,-48377650
"188",299529,2007,63467110
"189",299634,2007,16225730
"190",300063,2007,-12193890
"191",300292,2007,-23925260
"192",300535,2007,29302960
"193",300870,2007,10924620
"194",301311,2007,5564990
"195",301493,2007,1140810
"196",301825,2007,340420
"197",302724,2007,20113000
"198",303038,2007,-632770
"199",303461,2007,11256550
"200",303640,2007,50480040
"201",304271,2007,29380910
"202",304387,2007,60156630
"203",304450,2007,21040860
"204",845451,2007,706728830
"205",44992785,2007,241175340
"206",75370,2008,-110190760
"207",81531,2008,-5633070
"208",231401,2008,36498230
"209",232947,2008,-4001470
"210",232963,2008,10569420
"211",233129,2008,28042400
"212",233242,2008,10450330
"213",234516,2008,147689280
"214",234877,2008,-2467000
"215",235334,2008,-104730
"216",235440,2008,40550100
"217",236021,2008,69293980
"218",236195,2008,41926150
"219",236977,2008,10236930
"220",237051,2008,-10803260
"221",237108,2008,6803820
"222",238295,2008,53289480
"223",238309,2008,3220910
"224",239402,2008,18382150
"225",239500,2008,6015650
"226",239640,2008,30644250
"227",240079,2008,38482180
"228",240702,2008,9298530
"229",241121,2008,-20470380
"230",242098,2008,13332770
"231",243132,2008,21040610
"232",243272,2008,11789180
"233",244309,2008,20130510
"234",244732,2008,-39887780
"235",245551,2008,18895930
"236",245585,2008,39095840
"237",245836,2008,-21663260
"238",245941,2008,-3848850
"239",246476,2008,19211880
"240",246875,2008,73198190
"241",247618,2008,39391980
"242",248266,2008,-25749180
"243",248789,2008,-356220
"244",248801,2008,13815650
"245",249831,2008,-220880
"246",249998,2008,184098980
"247",250627,2008,-1940900
"248",250805,2008,25015040
"249",250996,2008,-1289140
"250",251810,2008,18502320
"251",251984,2008,11664070
"252",252921,2008,22741850
"253",253014,2008,119762380
"254",253316,2008,14916230
"255",253383,2008,-2415680
"256",253901,2008,31936110
"257",253979,2008,42474210
"258",254061,2008,-20508970
"259",254657,2008,-263999240
"260",254843,2008,29076140
"261",255513,2008,32434340
"262",255661,2008,-77335770
"263",256129,2008,49053230
"264",256455,2008,881040
"265",256986,2008,7792980
"266",257125,2008,4213050
"267",257265,2008,-5182310
"268",257966,2008,3454770
"269",258199,2008,13993720
"270",259047,2008,43966390
"271",259438,2008,-2377630
"272",259586,2008,49508540
"273",260177,2008,5486160
"274",260231,2008,16941530
"275",260428,2008,-151691620
"276",260771,2008,20797210
"277",261238,2008,107043370
"278",261602,2008,12893890
"279",261718,2008,20006940
"280",261891,2008,100072070
"281",261912,2008,-6928030
"282",262340,2008,65886690
"283",262587,2008,4327440
"284",262633,2008,-6364650
"285",262781,2008,9327830
"286",262978,2008,-44151490
"287",263958,2008,905450
"288",263991,2008,-9205850
"289",264334,2008,25645970
"290",265209,2008,25660650
"291",265365,2008,8331970
"292",265781,2008,15630260
"293",266027,2008,30802390
"294",266094,2008,-95832650
"295",266230,2008,58771520
"296",266621,2008,130293870
"297",267449,2008,183839890
"298",267538,2008,5089410
"299",268321,2008,-306440
"300",268810,2008,-75256930
"301",269247,2008,15377510
"302",270059,2008,13182610
"303",270211,2008,60640730
"304",271560,2008,27585950
"305",271632,2008,-14172430
"306",271888,2008,8765860
"307",272523,2008,-5472900
"308",272728,2008,3697520
"309",272868,2008,-4239480
"310",272876,2008,-604970
"311",273571,2008,-405790
"312",274046,2008,181183250
"313",274101,2008,1541890
"314",274879,2008,40524170
"315",274968,2008,5711860
"316",275336,2008,-3193900
"317",275808,2008,10033600
"318",276111,2008,8661510
"319",276227,2008,-9542570
"320",276944,2008,4593460
"321",277037,2008,7562280
"322",277177,2008,11745280
"323",277444,2008,61892240
"324",277819,2008,10827400
"325",278360,2008,-1942530
"326",278475,2008,-23172580
"327",278653,2008,37006850
"328",279072,2008,4583850
"329",279102,2008,24466020
"330",279676,2008,20241150
"331",279773,2008,22985280
"332",279846,2008,27063870
"333",279943,2008,9988740
"334",279978,2008,32688600
"335",281859,2008,9785560
"336",281964,2008,16444170
"337",282481,2008,-1001110
"338",282651,2008,20538130
"339",282707,2008,4467660
"340",282979,2008,-1904960
"341",283061,2008,-15079270
"342",283193,2008,23719510
"343",283347,2008,6496500
"344",283509,2008,-42960780
"345",283924,2008,30635950
"346",284165,2008,4912350
"347",284301,2008,-61758320
"348",284611,2008,15447600
"349",284653,2008,2653100
"350",284891,2008,-55496950
"351",285030,2008,-2747010
"352",285455,2008,27014530
"353",286010,2008,38078750
"354",286745,2008,-11492840
"355",287113,2008,-378860
"356",287172,2008,4167310
"357",287351,2008,13862430
"358",288365,2008,-21555050
"359",288659,2008,57908520
"360",289931,2008,27137980
"361",289965,2008,5175650
"362",290629,2008,53857900
"363",291463,2008,13325400
"364",291471,2008,15685360
"365",291676,2008,8044180
"366",292311,2008,3730060
"367",292427,2008,141649000
"368",293199,2008,2575470
"369",293881,2008,-9974760
"370",294136,2008,12735340
"371",294900,2008,136113630
"372",295671,2008,16978060
"373",295841,2008,268383280
"374",295892,2008,-24505650
"375",296139,2008,-1405370
"376",296317,2008,-5324520
"377",296643,2008,112116890
"378",296651,2008,6367510
"379",296759,2008,-3859840
"380",297313,2008,46953850
"381",297437,2008,-55470150
"382",297488,2008,-71474840
"383",297534,2008,-380742850
"384",297569,2008,12553070
"385",297577,2008,-8821870
"386",297755,2008,1207930
"387",297852,2008,19479650
"388",298077,2008,101767250
"389",298212,2008,61750890
"390",298221,2008,19403720
"391",299138,2008,20265710
"392",299308,2008,53011690
"393",299529,2008,-27234540
"394",299634,2008,6318820
"395",300063,2008,5762990
"396",300292,2008,-32431570
"397",300535,2008,44005540
"398",300870,2008,3532560
"399",301311,2008,15065120
"400",301493,2008,19109560
"401",301825,2008,22284430
"402",302724,2008,1567820
"403",303038,2008,7325520
"404",303461,2008,49895440
"405",303640,2008,43192030
"406",304271,2008,-6187510
"407",304387,2008,460570
"408",304450,2008,102293730
"409",845451,2008,552820900
"410",44992785,2008,582357930
"411",75370,2009,-1025449360
"412",81531,2009,-495272990
"413",231401,2009,20348100
"414",232947,2009,10037860
"415",232963,2009,-12249520
"416",233129,2009,-30015920
"417",233242,2009,-59424350
"418",234516,2009,-102293770
"419",234877,2009,-81980870
"420",235334,2009,-14902040
"421",235440,2009,76984340
"422",236021,2009,-34469430
"423",236195,2009,-56535460
"424",236977,2009,14524710
"425",237051,2009,-106744140
"426",237108,2009,18462940
"427",238295,2009,-108304230
"428",238309,2009,7622940
"429",239402,2009,-10930960
"430",239500,2009,21225040
"431",239640,2009,-5239800
"432",240079,2009,209535840
"433",240702,2009,-124521100
"434",241121,2009,-7437600
"435",242098,2009,-29210710
"436",243132,2009,-12669140
"437",243272,2009,-1432850
"438",244309,2009,-81096890
"439",244732,2009,-335758580
"440",245551,2009,-9812120
"441",245585,2009,-63392870
"442",245836,2009,15734750
"443",245941,2009,5810790
"444",246476,2009,-38951830
"445",246875,2009,-121368950
"446",247618,2009,46770820
"447",248266,2009,4105190
"448",248789,2009,-30620540
"449",248801,2009,-47014940
"450",249831,2009,-57669260
"451",249998,2009,25704940
"452",250627,2009,-57564060
"453",250805,2009,-2949330
"454",250996,2009,10906730
"455",251810,2009,-140199220
"456",251984,2009,-5758920
"457",252921,2009,-33574060
"458",253014,2009,-214345060
"459",253316,2009,-61225550
"460",253383,2009,-1793430
"461",253901,2009,-118950580
"462",253979,2009,-104336380
"463",254061,2009,25273010
"464",254657,2009,-430825860
"465",254843,2009,-14683780
"466",255513,2009,13415750
"467",255661,2009,-131448200
"468",256129,2009,-50001250
"469",256455,2009,3762590
"470",256986,2009,-9552700
"471",257125,2009,587830
"472",257265,2009,4536690
"473",257966,2009,-10510480
"474",258199,2009,11298820
"475",259047,2009,-93386080
"476",259438,2009,-3827390
"477",259586,2009,-124353770
"478",260177,2009,11635740
"479",260231,2009,-21264040
"480",260428,2009,119810970
"481",260771,2009,-11049040
"482",261238,2009,-117643370
"483",261602,2009,-2635520
"484",261718,2009,-10473750
"485",261891,2009,-42752490
"486",261912,2009,-37425410
"487",262340,2009,-172858980
"488",262587,2009,-18348190
"489",262633,2009,3641150
"490",262781,2009,-18402840
"491",262978,2009,-96694970
"492",263958,2009,-248983580
"493",263991,2009,2789530
"494",264334,2009,-127117070
"495",265209,2009,-73175900
"496",265365,2009,-14301020
"497",265781,2009,-70101720
"498",266027,2009,-92221650
"499",266094,2009,-158398390
"500",266230,2009,-2253770
"501",266621,2009,-29069840
"502",267449,2009,49147050
"503",267538,2009,9777130
"504",268321,2009,-28145870
"505",268810,2009,-382760480
"506",269247,2009,-17793870
"507",270059,2009,-7824260
"508",270211,2009,-82414440
"509",271560,2009,-23756560
"510",271632,2009,-49992510
"511",271888,2009,-33736980
"512",272523,2009,-7659320
"513",272728,2009,-59404950
"514",272868,2009,88449280
"515",272876,2009,-26105250
"516",273571,2009,-13708830
"517",274046,2009,-155734820
"518",274101,2009,20777660
"519",274879,2009,-15605930
"520",274968,2009,3115180
"521",275336,2009,-26516650
"522",275808,2009,-16841770
"523",276111,2009,-22557660
"524",276227,2009,44938580
"525",276944,2009,-11089300
"526",277037,2009,44811680
"527",277177,2009,-4079710
"528",277444,2009,-13487380
"529",277819,2009,-940510
"530",278360,2009,-163015690
"531",278475,2009,-163081780
"532",278653,2009,-67910130
"533",279072,2009,-18926760
"534",279102,2009,18508820
"535",279676,2009,-33617350
"536",279773,2009,-51317780
"537",279846,2009,4665340
"538",279943,2009,13403810
"539",279978,2009,-11007950
"540",281859,2009,-6627270
"541",281964,2009,-34162550
"542",282481,2009,-12376640
"543",282651,2009,-17768670
"544",282707,2009,-15988970
"545",282979,2009,-2217300
"546",283061,2009,164900620
"547",283193,2009,-34603670
"548",283347,2009,-26790890
"549",283509,2009,1760050
"550",283924,2009,3097130
"551",284165,2009,-12090860
"552",284301,2009,-53486520
"553",284611,2009,-29881570
"554",284653,2009,2325240
"555",284891,2009,31433330
"556",285030,2009,25601120
"557",285455,2009,-11605210
"558",286010,2009,98240300
"559",286745,2009,-51329660
"560",287113,2009,13953280
"561",287172,2009,-20489340
"562",287351,2009,-11151970
"563",288365,2009,6359990
"564",288659,2009,-53081050
"565",289931,2009,-14547500
"566",289965,2009,28183080
"567",290629,2009,-36820050
"568",291463,2009,-21002550
"569",291471,2009,-43498790
"570",291676,2009,1753260
"571",292311,2009,-3164220
"572",292427,2009,-178849780
"573",293199,2009,15295020
"574",293881,2009,-41898380
"575",294136,2009,-59279790
"576",294900,2009,-35362020
"577",295671,2009,-33788950
"578",295841,2009,-58922760
"579",295892,2009,7066570
"580",296139,2009,-49865210
"581",296317,2009,-16452930
"582",296643,2009,-145443360
"583",296651,2009,-29014490
"584",296759,2009,-20421290
"585",297313,2009,-23673300
"586",297437,2009,-37742470
"587",297488,2009,-56605980
"588",297534,2009,338335200
"589",297569,2009,-14488000
"590",297577,2009,-78533790
"591",297755,2009,-3382560
"592",297852,2009,-26732220
"593",298077,2009,-58171330
"594",298212,2009,-95804370
"595",298221,2009,-4110660
"596",299138,2009,-5783110
"597",299308,2009,-514299180
"598",299529,2009,-19028830
"599",299634,2009,-25368520
"600",300063,2009,11191620
"601",300292,2009,-96218710
"602",300535,2009,-394399560
"603",300870,2009,-17299060
"604",301311,2009,-62285350
"605",301493,2009,503400
"606",301825,2009,-141412980
"607",302724,2009,-31211160
"608",303038,2009,9210070
"609",303461,2009,-47478800
"610",303640,2009,-53501100
"611",304271,2009,-50552140
"612",304387,2009,-46636990
"613",304450,2009,-27098670
"614",845451,2009,-438819370
"615",44992785,2009,-435388870
"616",75370,2010,181310440
"617",81531,2010,-142856680
"618",231401,2010,-21849180
"619",232947,2010,-7128490
"620",232963,2010,13631410
"621",233129,2010,-39341170
"622",233242,2010,-10080660
"623",234516,2010,-246542880
"624",234877,2010,-35211740
"625",235334,2010,-1165530
"626",235440,2010,51421940
"627",236021,2010,-54875780
"628",236195,2010,32621510
"629",236977,2010,-12951400
"630",237051,2010,33698100
"631",237108,2010,-29946160
"632",238295,2010,-219922370
"633",238309,2010,7587270
"634",239402,2010,-12139520
"635",239500,2010,-23776110
"636",239640,2010,14230170
"637",240079,2010,-153250770
"638",240702,2010,-56356070
"639",241121,2010,-4831030
"640",242098,2010,-3610270
"641",243132,2010,117670900
"642",243272,2010,26627120
"643",244309,2010,-3148060
"644",244732,2010,-180139300
"645",245551,2010,6724040
"646",245585,2010,74058670
"647",245836,2010,-851150
"648",245941,2010,8427930
"649",246476,2010,26394140
"650",246875,2010,135861370
"651",247618,2010,-20046280
"652",248266,2010,39554960
"653",248789,2010,8866320
"654",248801,2010,-14333720
"655",249831,2010,10568120
"656",249998,2010,-56751050
"657",250627,2010,30297800
"658",250805,2010,19839480
"659",250996,2010,2736180
"660",251810,2010,-135984150
"661",251984,2010,12382870
"662",252921,2010,18424880
"663",253014,2010,281041300
"664",253316,2010,-69759640
"665",253383,2010,15434370
"666",253901,2010,47717700
"667",253979,2010,17139560
"668",254061,2010,33031820
"669",254657,2010,28148140
"670",254843,2010,-47796090
"671",255513,2010,6313260
"672",255661,2010,-43011000
"673",256129,2010,50884200
"674",256455,2010,5215710
"675",256986,2010,13170590
"676",257125,2010,5866770
"677",257265,2010,-13312570
"678",257966,2010,7650620
"679",258199,2010,3747810
"680",259047,2010,80828390
"681",259438,2010,-27067570
"682",259586,2010,43351350
"683",260177,2010,-18716480
"684",260231,2010,21226610
"685",260428,2010,-11416070
"686",260771,2010,9065390
"687",261238,2010,-194574200
"688",261602,2010,-18756340
"689",261718,2010,8193530
"690",261891,2010,-239025740
"691",261912,2010,4064250
"692",262340,2010,-60218120
"693",262587,2010,13771810
"694",262633,2010,-4137700
"695",262781,2010,3040280
"696",262978,2010,-1525466740
"697",263958,2010,196553880
"698",263991,2010,-47274810
"699",264334,2010,30595750
"700",265209,2010,24468950
"701",265365,2010,-10364910
"702",265781,2010,42535380
"703",266027,2010,-16165990
"704",266094,2010,-159547830
"705",266230,2010,-73352170
"706",266621,2010,-114969410
"707",267449,2010,-76367020
"708",267538,2010,-2265190
"709",268321,2010,10735190
"710",268810,2010,-43506400
"711",269247,2010,8971370
"712",270059,2010,25547990
"713",270211,2010,-56553580
"714",271560,2010,-42692950
"715",271632,2010,-144938600
"716",271888,2010,-877900
"717",272523,2010,-11807440
"718",272728,2010,12260940
"719",272868,2010,-12319870
"720",272876,2010,-41289170
"721",273571,2010,8612760
"722",274046,2010,285093750
"723",274101,2010,-28156590
"724",274879,2010,-34784480
"725",274968,2010,18267790
"726",275336,2010,4186910
"727",275808,2010,9066730
"728",276111,2010,-31684270
"729",276227,2010,17227910
"730",276944,2010,-52660280
"731",277037,2010,-11466420
"732",277177,2010,-11421940
"733",277444,2010,13065550
"734",277819,2010,-9654210
"735",278360,2010,-165041720
"736",278475,2010,-55192030
"737",278653,2010,-28681400
"738",279072,2010,18306240
"739",279102,2010,14994010
"740",279676,2010,-91870530
"741",279773,2010,32599650
"742",279846,2010,-4386920
"743",279943,2010,73827750
"744",279978,2010,10666890
"745",281859,2010,16845250
"746",281964,2010,-82098140
"747",282481,2010,79910
"748",282651,2010,6509460
"749",282707,2010,7120700
"750",282979,2010,4469190
"751",283061,2010,-127719000
"752",283193,2010,4553970
"753",283347,2010,2631100
"754",283509,2010,10548020
"755",283924,2010,-71650830
"756",284165,2010,-45135010
"757",284301,2010,35245960
"758",284611,2010,9416960
"759",284653,2010,-5095950
"760",284891,2010,8588330
"761",285030,2010,41811870
"762",285455,2010,14491720
"763",286010,2010,69398020
"764",286745,2010,31399130
"765",287113,2010,12152880
"766",287172,2010,-5513630
"767",287351,2010,48371850
"768",288365,2010,-25914500
"769",288659,2010,52398080
"770",289931,2010,21148630
"771",289965,2010,-39280460
"772",290629,2010,-93359080
"773",291463,2010,-39544910
"774",291471,2010,-114814220
"775",291676,2010,7361380
"776",292311,2010,19299130
"777",292427,2010,-14769820
"778",293199,2010,-15638430
"779",293881,2010,-90489660
"780",294136,2010,22150210
"781",294900,2010,-32644600
"782",295671,2010,5664900
"783",295841,2010,46730720
"784",295892,2010,-58015070
"785",296139,2010,21238260
"786",296317,2010,-22133140
"787",296643,2010,-216620850
"788",296651,2010,17183850
"789",296759,2010,37631460
"790",297313,2010,67196820
"791",297437,2010,-162679130
"792",297488,2010,-191283850
"793",297534,2010,-211099960
"794",297569,2010,-3416290
"795",297577,2010,3750160
"796",297755,2010,8293720
"797",297852,2010,8553540
"798",298077,2010,-3342730
"799",298212,2010,-71245860
"800",298221,2010,-14364930
"801",299138,2010,10886780
"802",299308,2010,-128078320
"803",299529,2010,3956770
"804",299634,2010,27404920
"805",300063,2010,33907780
"806",300292,2010,-33135950
"807",300535,2010,42963090
"808",300870,2010,14501650
"809",301311,2010,8203150
"810",301493,2010,6866420
"811",301825,2010,-14966480
"812",302724,2010,-21199080
"813",303038,2010,12245800
"814",303461,2010,52329810
"815",303640,2010,-13162400
"816",304271,2010,1736370
"817",304387,2010,16514650
"818",304450,2010,-50313040
"819",845451,2010,-780569790
"820",44992785,2010,552516120
"821",75370,2011,25702977.9899979
"822",81531,2011,119450918.75
"823",231401,2011,33794562.3399999
"824",232947,2011,7626510.56999993
"825",232963,2011,-29014508.81
"826",233129,2011,70957436.72
"827",233242,2011,2776560.44
"828",234516,2011,-271551708.94
"829",234877,2011,-11832857.37
"830",235334,2011,-5615875.03
"831",235440,2011,51109710.8399999
"832",236021,2011,10125751.3100001
"833",236195,2011,-19424309.8200002
"834",236977,2011,28730887.6399999
"835",237051,2011,-71913399.3499999
"836",237108,2011,10186714.16
"837",238295,2011,104790338.95
"838",238309,2011,-26782473.36
"839",239402,2011,15221044.6
"840",239500,2011,11113336.9499999
"841",239640,2011,46613676.8199999
"842",240079,2011,8725733.80999994
"843",240702,2011,44845695.04
"844",241121,2011,2549167.70000005
"845",242098,2011,5572504.86000001
"846",243132,2011,-63753347.27
"847",243272,2011,6765783.01999998
"848",244309,2011,511242.330000043
"849",244732,2011,76138784.7299995
"850",245551,2011,2331251.38999999
"851",245585,2011,3620132.02999997
"852",245836,2011,-5280902.49000001
"853",245941,2011,-5353788.09999999
"854",246476,2011,26209544.39
"855",246875,2011,53794289.95
"856",247618,2011,413740.210000038
"857",248266,2011,2315376.15000004
"858",248789,2011,-19199599.71
"859",248801,2011,19278913.37
"860",249831,2011,-4883119.81999999
"861",249998,2011,25421187.3200002
"862",250627,2011,-3165126.22000003
"863",250805,2011,-10134762.65
"864",250996,2011,17369831.87
"865",251810,2011,-116829844.47
"866",251984,2011,10104383.03
"867",252921,2011,-14081294.32
"868",253014,2011,94003426.5699997
"869",253316,2011,-6235930.89999986
"870",253383,2011,-667239.859999985
"871",253901,2011,34938798.27
"872",253979,2011,-72657391.6200001
"873",254061,2011,-110880043.53
"874",254657,2011,-67963416.5800004
"875",254843,2011,4097420.83000016
"876",255513,2011,-1787685.50999999
"877",255661,2011,62851183.6299999
"878",256129,2011,9809058.62
"879",256455,2011,-22346657.01
"880",256986,2011,-16974159.89
"881",257125,2011,22061959.1
"882",257265,2011,-13422568.02
"883",257966,2011,6170945.88
"884",258199,2011,-2650754.94
"885",259047,2011,874656.720000029
"886",259438,2011,14024277.85
"887",259586,2011,6285870.70999992
"888",260177,2011,1861834.85000002
"889",260231,2011,-47591402.55
"890",260428,2011,26735615.6099999
"891",260771,2011,-5137996.3900001
"892",261238,2011,-69127801.98
"893",261602,2011,-749493.25
"894",261718,2011,-32974065.84
"895",261891,2011,-167571745.93
"896",261912,2011,-23381859.2900002
"897",262340,2011,19098931.9200001
"898",262587,2011,-7483754.57999998
"899",262633,2011,8676407.41000003
"900",262781,2011,-26338349.0600001
"901",262978,2011,33534240.7200003
"902",263958,2011,27857463.55
"903",263991,2011,25238013.4599999
"904",264334,2011,34346205.6500001
"905",265209,2011,-19484804.4
"906",265365,2011,-12925255.23
"907",265781,2011,-22816985.97
"908",266027,2011,4942679.7099998
"909",266094,2011,-358619256.93
"910",266230,2011,10230762.05
"911",266621,2011,-88576754.1100006
"912",267449,2011,-65910475.1299999
"913",267538,2011,2268900.93000001
"914",268321,2011,828211.770000041
"915",268810,2011,129739370.37
"916",269247,2011,-932624.150000006
"917",270059,2011,-53192387.72
"918",270211,2011,-18359862.9000001
"919",271560,2011,-35443248.7
"920",271632,2011,-13750391.74
"921",271888,2011,3372246.57999998
"922",272523,2011,17202805.19
"923",272728,2011,1602665.95000005
"924",272868,2011,-26504808.99
"925",272876,2011,9048067.70999998
"926",273571,2011,7674533.66999999
"927",274046,2011,-331577673.88
"928",274101,2011,-31299665.85
"929",274879,2011,14449039.43
"930",274968,2011,-4099966.38
"931",275336,2011,22035907.6899999
"932",275808,2011,3911509.39999998
"933",276111,2011,3096722.19999999
"934",276227,2011,-64788633.3799999
"935",276944,2011,15947127.77
"936",277037,2011,-5799272.77999997
"937",277177,2011,13079790.27
"938",277444,2011,3810616.51000011
"939",277819,2011,-2930900.86000001
"940",278360,2011,42216604.1199999
"941",278475,2011,-72316094.56
"942",278653,2011,10483964.89
"943",279072,2011,-44715405.35
"944",279102,2011,-20933296.66
"945",279676,2011,19184420.1600001
"946",279773,2011,-11591850.29
"947",279846,2011,-10898348.12
"948",279943,2011,-49335904.4200001
"949",279978,2011,17797123.6700001
"950",281859,2011,12011011.8800001
"951",281964,2011,27294613.91
"952",282481,2011,-1464027.35000002
"953",282651,2011,11834826.29
"954",282707,2011,-12538093.3200001
"955",282979,2011,-6681608.86000001
"956",283061,2011,38229025.53
"957",283193,2011,-8727534.47000003
"958",283347,2011,9473725.75
"959",283509,2011,18364264.93
"960",283924,2011,48391262.4000001
"961",284165,2011,-2983009.72999999
"962",284301,2011,-36972999.53
"963",284611,2011,-22652403
"964",284653,2011,-3493604.75999999
"965",284891,2011,60023831.25
"966",285030,2011,20072906.08
"967",285455,2011,24760603.5599999
"968",286010,2011,68038440.1599998
"969",286745,2011,-8858482.07999998
"970",287113,2011,-4144926.41000003
"971",287172,2011,23824967
"972",287351,2011,55465960.24
"973",288365,2011,2175194.44999999
"974",288659,2011,-21420738.5099998
"975",289931,2011,-716049.229999959
"976",289965,2011,-2767990.31999999
"977",290629,2011,-126467112.78
"978",291463,2011,-83828546.0800002
"979",291471,2011,-16270985.21
"980",291676,2011,-15654508.82
"981",292311,2011,-19800918.45
"982",292427,2011,4927833.8499999
"983",293199,2011,1030334.03999996
"984",293881,2011,-21497897.1800001
"985",294136,2011,12145627.57
"986",294900,2011,-3560495.27999997
"987",295671,2011,-41661413.5400001
"988",295841,2011,-69994853.1500001
"989",295892,2011,16728270.3499999
"990",296139,2011,-31178249.45
"991",296317,2011,-12019891.38
"992",296643,2011,47754112.8099999
"993",296651,2011,20172136.96
"994",296759,2011,-28024225.39
"995",297313,2011,-19400994.1499999
"996",297437,2011,-68182371.8699999
"997",297488,2011,60085060.8000002
"998",297534,2011,12392350.3099999
"999",297569,2011,11179894
"1000",297577,2011,8759484.1400001
"1001",297755,2011,3208995.81999999
"1002",297852,2011,62136771.23
"1003",298077,2011,-24301671.66
"1004",298212,2011,-27346264.97
"1005",298221,2011,393717.860000014
"1006",299138,2011,-49839837.6899999
"1007",299308,2011,-191554926.53
"1008",299529,2011,-24751957.5
"1009",299634,2011,-6271288.88
"1010",300063,2011,-27795009.85
"1011",300292,2011,8905301.38
"1012",300535,2011,-61627011.04
"1013",300870,2011,3449542.94
"1014",301311,2011,1047789.85000002
"1015",301493,2011,8148653.56999999
"1016",301825,2011,-58915129.1800001
"1017",302724,2011,41608401.9899999
"1018",303038,2011,26482825.18
"1019",303461,2011,-3912352.37000012
"1020",303640,2011,34369355.71
"1021",304271,2011,7290346.35000002
"1022",304387,2011,-3517432.52999997
"1023",304450,2011,-41324064.9000001
"1024",845451,2011,358574587.720001
"1025",44992785,2011,609503582.089996
"1026",75370,2012,418976812.099998
"1027",81531,2012,218635090.7
"1028",231401,2012,-1926370
"1029",232947,2012,19520339.8
"1030",232963,2012,9544034.38
"1031",233129,2012,-3129802.47000003
"1032",233242,2012,7709367.07999998
"1033",234516,2012,74403204.1399999
"1034",234877,2012,-18267220.1800001
"1035",235334,2012,-7822710.97
"1036",235440,2012,69355474.0800002
"1037",236021,2012,-25420466.8000001
"1038",236195,2012,24527993.2600001
"1039",236977,2012,20382827.97
"1040",237051,2012,31960040.3799999
"1041",237108,2012,2347520.45999992
"1042",238295,2012,85086216.5699999
"1043",238309,2012,-30878696.46
"1044",239402,2012,-26094641.72
"1045",239500,2012,11727555.11
"1046",239640,2012,32939244.02
"1047",240079,2012,-30899170.41
"1048",240702,2012,54533266.76
"1049",241121,2012,-10135386.22
"1050",242098,2012,-5131192.61000001
"1051",243132,2012,-8012579.19000006
"1052",243272,2012,17470866.64
"1053",244309,2012,11862032.88
"1054",244732,2012,204207457.860002
"1055",245551,2012,-14313151.35
"1056",245585,2012,5547609.90000004
"1057",245836,2012,21266730.86
"1058",245941,2012,6698343.08999999
"1059",246476,2012,-5205623.43000001
"1060",246875,2012,-5129731.72999978
"1061",247618,2012,-110181089.92
"1062",248266,2012,2173789.71999997
"1063",248789,2012,13822935.78
"1064",248801,2012,6925257.13000005
"1065",249831,2012,1292975.45999998
"1066",249998,2012,5409354.57999992
"1067",250627,2012,39071081.21
"1068",250805,2012,886886.579999983
"1069",250996,2012,-25148438.69
"1070",251810,2012,-49121660.78
"1071",251984,2012,-19792.7800000012
"1072",252921,2012,14574200.87
"1073",253014,2012,63247081.2599998
"1074",253316,2012,-30936819.5899999
"1075",253383,2012,1896350.55000001
"1076",253901,2012,16473776.72
"1077",253979,2012,-44581068.0799999
"1078",254061,2012,52280344.27
"1079",254657,2012,-135097055.75
"1080",254843,2012,-6988591.56999993
"1081",255513,2012,11590790.36
"1082",255661,2012,21831972.9499998
"1083",256129,2012,-23012830.7700001
"1084",256455,2012,-21153904.79
"1085",256986,2012,2199391.69000003
"1086",257125,2012,-8249834.73000002
"1087",257265,2012,6680695.22
"1088",257966,2012,2793848.91000001
"1089",258199,2012,7866170.41000003
"1090",259047,2012,67979670.0799999
"1091",259438,2012,9456691.03000003
"1092",259586,2012,17890368.36
"1093",260177,2012,-2507402.52999997
"1094",260231,2012,6357379.47000003
"1095",260428,2012,20300897.73
"1096",260771,2012,3249617.10000002
"1097",261238,2012,-19721609.51
"1098",261602,2012,1906246.14999998
"1099",261718,2012,16532827.1900001
"1100",261891,2012,-356202248.79
"1101",261912,2012,23892956.9200001
"1102",262340,2012,58644049.55
"1103",262587,2012,15062183.73
"1104",262633,2012,-1985099.87
"1105",262781,2012,3078326.75999999
"1106",262978,2012,-30554115.3399997
"1107",263958,2012,26870688.7299999
"1108",263991,2012,3072582.01000005
"1109",264334,2012,2926169.95000005
"1110",265209,2012,40815811.58
"1111",265365,2012,9998715.42999998
"1112",265781,2012,-48457099.88
"1113",266027,2012,58666475.61
"1114",266094,2012,136201409.65
"1115",266230,2012,-19261965.88
"1116",266621,2012,-5818019.14000034
"1117",267449,2012,17566449.9400001
"1118",267538,2012,-21012745.78
"1119",268321,2012,-2537141.00999999
"1120",268810,2012,134888662.38
"1121",269247,2012,6307311.97999999
"1122",270059,2012,-8226835.83999997
"1123",270211,2012,18487693.4
"1124",271560,2012,6585801.44
"1125",271632,2012,-952110.699999928
"1126",271888,2012,21328527.65
"1127",272523,2012,4721097.18000001
"1128",272728,2012,4804997.81
"1129",272868,2012,43443088.35
"1130",272876,2012,-4415785.47
"1131",273571,2012,15737832.35
"1132",274046,2012,3966754.38000011
"1133",274101,2012,4329269.60999995
"1134",274879,2012,11438327.06
"1135",274968,2012,-6624780.52000004
"1136",275336,2012,19125595.5
"1137",275808,2012,4153444.76000005
"1138",276111,2012,3014593.69999999
"1139",276227,2012,50708841.4300001
"1140",276944,2012,16985105.93
"1141",277037,2012,-48987357.28
"1142",277177,2012,2868006.27999997
"1143",277444,2012,23221971
"1144",277819,2012,-26302847.35
"1145",278360,2012,17045195.2399999
"1146",278475,2012,57931573.27
"1147",278653,2012,7650043.21999991
"1148",279072,2012,7766071.39
"1149",279102,2012,47483770.75
"1150",279676,2012,20399439.01
"1151",279773,2012,7198057.80000007
"1152",279846,2012,-3149230.12
"1153",279943,2012,-3505824.73000014
"1154",279978,2012,23847396.3
"1155",281859,2012,-27473738.45
"1156",281964,2012,29289556.79
"1157",282481,2012,10217137.12
"1158",282651,2012,9657618.44
"1159",282707,2012,24519699.33
"1160",282979,2012,7309480.49000001
"1161",283061,2012,39604499.64
"1162",283193,2012,-12391305.45
"1163",283347,2012,28195536.36
"1164",283509,2012,17353530.67
"1165",283924,2012,141035999.66
"1166",284165,2012,1325724.59999999
"1167",284301,2012,449007.730000019
"1168",284611,2012,6670032.44
"1169",284653,2012,-12758207.08
"1170",284891,2012,28287557.1500001
"1171",285030,2012,18711312.99
"1172",285455,2012,-10674649.1799999
"1173",286010,2012,-25478860.7000003
"1174",286745,2012,12046467.56
"1175",287113,2012,-12403837.71
"1176",287172,2012,-24533815.27
"1177",287351,2012,29516134.39
"1178",288365,2012,8443208.36
"1179",288659,2012,64810059.45
"1180",289931,2012,11918666.46
"1181",289965,2012,9026062.77
"1182",290629,2012,35874688.1099999
"1183",291463,2012,-1063756.54999995
"1184",291471,2012,-78606093.1300001
"1185",291676,2012,7339267.66
"1186",292311,2012,10353977.72
"1187",292427,2012,16701236.05
"1188",293199,2012,17135683.4
"1189",293881,2012,40036953.3499999
"1190",294136,2012,18550729.64
"1191",294900,2012,-3344532.83999997
"1192",295671,2012,-9504614.43000007
"1193",295841,2012,-71718301.26
"1194",295892,2012,21034848.45
"1195",296139,2012,18367071.9200001
"1196",296317,2012,-18207107.18
"1197",296643,2012,107032611.4
"1198",296651,2012,-7499166.61000001
"1199",296759,2012,6898378.74000001
"1200",297313,2012,128528796.85
"1201",297437,2012,72713975.6
"1202",297488,2012,-97406757.8099999
"1203",297534,2012,167305531.73
"1204",297569,2012,21442047.88
"1205",297577,2012,-29227018.3399999
"1206",297755,2012,9546005.28999996
"1207",297852,2012,2401788.94999999
"1208",298077,2012,-20950780.02
"1209",298212,2012,6410989.91000009
"1210",298221,2012,10406754.68
"1211",299138,2012,8451212.56
"1212",299308,2012,-210736941.5
"1213",299529,2012,31902507.07
"1214",299634,2012,19829947.13
"1215",300063,2012,41065473.19
"1216",300292,2012,17526637.81
"1217",300535,2012,-928553.869999886
"1218",300870,2012,-3387677.48999998
"1219",301311,2012,3822379.80999994
"1220",301493,2012,5240175.56999999
"1221",301825,2012,-14789504.4199998
"1222",302724,2012,37325905.05
"1223",303038,2012,-558173.589999974
"1224",303461,2012,70300570.6799999
"1225",303640,2012,26541443.3
"1226",304271,2012,19583191.85
"1227",304387,2012,21140996.47
"1228",304450,2012,37963284.6799998
"1229",845451,2012,-287138444.280003
"1230",44992785,2012,1314277641.00999
"1231",75370,2013,149843378.959999
"1232",81531,2013,202331687.59
"1233",231401,2013,34371046.8599999
"1234",232947,2013,-28527069.42
"1235",232963,2013,12628660.2
"1236",233129,2013,23421762.8799999
"1237",233242,2013,-1023618.06
"1238",234516,2013,13775583.5799999
"1239",234877,2013,41245017.39
"1240",235334,2013,-20208230.7
"1241",235440,2013,119818293.96
"1242",236021,2013,14984917.76
"1243",236195,2013,26237429.3900001
"1244",236977,2013,-79228172.88
"1245",237051,2013,19737845.66
"1246",237108,2013,23776569.9
"1247",238295,2013,53177154.0800002
"1248",238309,2013,23728025.17
"1249",239402,2013,21529819.06
"1250",239500,2013,40980404.1
"1251",239640,2013,-27367916.6800001
"1252",240079,2013,43138873.6800001
"1253",240702,2013,36436609.38
"1254",241121,2013,6740623.90000004
"1255",242098,2013,21577647.1
"1256",243132,2013,-6140755.99000001
"1257",243272,2013,5116934.44
"1258",244309,2013,32398362.28
"1259",244732,2013,161415140.36
"1260",245551,2013,10203717.74
"1261",245585,2013,27421178.86
"1262",245836,2013,26121765.39
"1263",245941,2013,11326124.02
"1264",246476,2013,26654861.89
"1265",246875,2013,41298544.0999999
"1266",247618,2013,34636277.5999999
"1267",248266,2013,3400209.25
"1268",248789,2013,10928366.94
"1269",248801,2013,14717350.62
"1270",249831,2013,17302572.64
"1271",249998,2013,33922791.5599999
"1272",250627,2013,2347913.58000004
"1273",250805,2013,29911216.77
"1274",250996,2013,-1643769.13999999
"1275",251810,2013,43672376.1199999
"1276",251984,2013,2627199.63999999
"1277",252921,2013,17830351.85
"1278",253014,2013,52608283.6400003
"1279",253316,2013,-28456904.08
"1280",253383,2013,14411978.42
"1281",253901,2013,34232630.41
"1282",253979,2013,39261237.1199999
"1283",254061,2013,43230662.3200001
"1284",254657,2013,192189966.01
"1285",254843,2013,7276488.26999998
"1286",255513,2013,16390105.6
"1287",255661,2013,65978832.23
"1288",256129,2013,48476696.9300001
"1289",256455,2013,14656660.07
"1290",256986,2013,13299029.68
"1291",257125,2013,25360030.42
"1292",257265,2013,10326773.31
"1293",257966,2013,-17932130.83
"1294",258199,2013,16193608.72
"1295",259047,2013,51859321.01
"1296",259438,2013,18226005.49
"1297",259586,2013,84650200.94
"1298",260177,2013,16172577.04
"1299",260231,2013,50454247.84
"1300",260428,2013,48662669.5900002
"1301",260771,2013,-202796.279999971
"1302",261238,2013,231981942.44
"1303",261602,2013,16111617.56
"1304",261718,2013,16427052.91
"1305",261891,2013,424023331.6
"1306",261912,2013,56545410.8900001
"1307",262340,2013,6549078.53999996
"1308",262587,2013,9474906.90000001
"1309",262633,2013,22189767.13
"1310",262781,2013,-2267877.93000001
"1311",262978,2013,126021098.05
"1312",263958,2013,9551134.56000006
"1313",263991,2013,-16741302.33
"1314",264334,2013,46552762.58
"1315",265209,2013,28865574.1700001
"1316",265365,2013,-1973775.06
"1317",265781,2013,24816388.9000001
"1318",266027,2013,30731780.96
"1319",266094,2013,12920253.46
"1320",266230,2013,-15851376.8000001
"1321",266621,2013,85782776.3000002
"1322",267449,2013,26765540.03
"1323",267538,2013,25528127.72
"1324",268321,2013,-4194362.04999995
"1325",268810,2013,-221613034.37
"1326",269247,2013,-23147039.55
"1327",270059,2013,38556771.89
"1328",270211,2013,15821832.4299999
"1329",271560,2013,29932998.08
"1330",271632,2013,32994683.53
"1331",271888,2013,12932478.2600001
"1332",272523,2013,11902667.06
"1333",272728,2013,16098282.04
"1334",272868,2013,15027598.72
"1335",272876,2013,17809738.4
"1336",273571,2013,16994447.8
"1337",274046,2013,92760708.1299996
"1338",274101,2013,-6666933.72999996
"1339",274879,2013,17406381.09
"1340",274968,2013,19193862.07
"1341",275336,2013,19785917.0300001
"1342",275808,2013,19860678.02
"1343",276111,2013,17386117.91
"1344",276227,2013,35690800.2199999
"1345",276944,2013,16204998.34
"1346",277037,2013,11835792.13
"1347",277177,2013,6085321.56999999
"1348",277444,2013,21161199.65
"1349",277819,2013,33680229.8100001
"1350",278360,2013,60598580.05
"1351",278475,2013,63921103.48
"1352",278653,2013,23186488.6899999
"1353",279072,2013,7887334.97
"1354",279102,2013,25911733.13
"1355",279676,2013,-83942.7799999714
"1356",279773,2013,17659286.86
"1357",279846,2013,26195339.76
"1358",279943,2013,41243762.3099999
"1359",279978,2013,28288601.91
"1360",281859,2013,-58816586.73
"1361",281964,2013,41182426.04
"1362",282481,2013,5919801.31
"1363",282651,2013,33764242.91
"1364",282707,2013,-669045.450000048
"1365",282979,2013,2908388.19
"1366",283061,2013,18048087.6600001
"1367",283193,2013,1490213.27000001
"1368",283347,2013,38972415.04
"1369",283509,2013,14281147.55
"1370",283924,2013,-63480062.3900003
"1371",284165,2013,10634313.98
"1372",284301,2013,9699939.73000002
"1373",284611,2013,-3054669.91999999
"1374",284653,2013,10044040.33
"1375",284891,2013,47703364.9100001
"1376",285030,2013,11326966.52
"1377",285455,2013,16081857.95
"1378",286010,2013,70107034.21
"1379",286745,2013,10330748.71
"1380",287113,2013,13795373.77
"1381",287172,2013,-12569182.31
"1382",287351,2013,63704384.05
"1383",288365,2013,8608671.32000001
"1384",288659,2013,3360609.69000006
"1385",289931,2013,-29674289.41
"1386",289965,2013,22454093.31
"1387",290629,2013,13830373.52
"1388",291463,2013,12150462.1
"1389",291471,2013,93361405.8600001
"1390",291676,2013,1088457.70000005
"1391",292311,2013,-706036.680000007
"1392",292427,2013,-66836100.5600001
"1393",293199,2013,233379.25
"1394",293881,2013,122464439.85
"1395",294136,2013,61584598.65
"1396",294900,2013,30737324.08
"1397",295671,2013,-1662729.95000005
"1398",295841,2013,3304800.44000006
"1399",295892,2013,14876123.58
"1400",296139,2013,35083933.0900002
"1401",296317,2013,-16690564.34
"1402",296643,2013,244193349.13
"1403",296651,2013,28294495.65
"1404",296759,2013,32243667.68
"1405",297313,2013,246495886.63
"1406",297437,2013,64756632.66
"1407",297488,2013,-164014364.91
"1408",297534,2013,392491707.19
"1409",297569,2013,47089195.1199999
"1410",297577,2013,14073355.27
"1411",297755,2013,12531923.84
"1412",297852,2013,12647130.46
"1413",298077,2013,-3735291.56
"1414",298212,2013,41581240.72
"1415",298221,2013,20490464.19
"1416",299138,2013,6041384.49000001
"1417",299308,2013,-214151036.17
"1418",299529,2013,27773117.98
"1419",299634,2013,-6928030.03000003
"1420",300063,2013,7384508.91000003
"1421",300292,2013,54244727.24
"1422",300535,2013,67029821.1299996
"1423",300870,2013,8415466.15000001
"1424",301311,2013,58050410.98
"1425",301493,2013,-7367416.24000001
"1426",301825,2013,81563749.8600001
"1427",302724,2013,-11071691.5600001
"1428",303038,2013,33263206.75
"1429",303461,2013,51540733.36
"1430",303640,2013,30547874.32
"1431",304271,2013,27949472.1299999
"1432",304387,2013,39702451.2399999
"1433",304450,2013,28696691.23
"1434",845451,2013,-234678284.209999
"1435",44992785,2013,1284013791.55
"1436",75370,2014,-439820242.41
"1437",81531,2014,98886109.1899996
"1438",231401,2014,13086021.22
"1439",232947,2014,-1531743.06999993
"1440",232963,2014,-9227700.56
"1441",233129,2014,-923871.24000001
"1442",233242,2014,8996000.69
"1443",234516,2014,2772333.92000008
"1444",234877,2014,24022750.37
"1445",235334,2014,10127050.96
"1446",235440,2014,74791128.4099998
"1447",236021,2014,22582687.54
"1448",236195,2014,-23315906.9400001
"1449",236977,2014,-29257646.2
"1450",237051,2014,-25284330.74
"1451",237108,2014,-18549242.22
"1452",238295,2014,-14272766.53
"1453",238309,2014,12068006.2
"1454",239402,2014,19612279.7
"1455",239500,2014,30277036.59
"1456",239640,2014,-76452550.54
"1457",240079,2014,19393900.4399999
"1458",240702,2014,33725241.65
"1459",241121,2014,38560870.24
"1460",242098,2014,22907691.48
"1461",243132,2014,-16725054.9100001
"1462",243272,2014,-65283206.59
"1463",244309,2014,17802487.39
"1464",244732,2014,-66786875.29
"1465",245551,2014,11555723.2
"1466",245585,2014,-66909224.62
"1467",245836,2014,10170060.5600001
"1468",245941,2014,-703106.76000002
"1469",246476,2014,-4418558.52000004
"1470",246875,2014,30097271.25
"1471",247618,2014,73574259.64
"1472",248266,2014,-11930269.12
"1473",248789,2014,14744242.63
"1474",248801,2014,-56024238.6899999
"1475",249831,2014,-19790943.94
"1476",249998,2014,51477697.6100001
"1477",250627,2014,14918886.54
"1478",250805,2014,-18447095.39
"1479",250996,2014,38494145.34
"1480",251810,2014,39837319.3599999
"1481",251984,2014,-2341662.13999999
"1482",252921,2014,11891454.66
"1483",253014,2014,-83375996.1300001
"1484",253316,2014,53895457.74
"1485",253383,2014,19546454.22
"1486",253901,2014,-17530017.47
"1487",253979,2014,61098828.7
"1488",254061,2014,1013875.24000001
"1489",254657,2014,37172057.78
"1490",254843,2014,-34265967.98
"1491",255513,2014,13051886.18
"1492",255661,2014,12418432.6000001
"1493",256129,2014,-66831813.0599999
"1494",256455,2014,2598832.13
"1495",256986,2014,4399306.24000001
"1496",257125,2014,14711285.85
"1497",257265,2014,8032847.01999998
"1498",257966,2014,6519484.69
"1499",258199,2014,11265363.78
"1500",259047,2014,14123107.3699999
"1501",259438,2014,1821272.98000002
"1502",259586,2014,-58094094.1600001
"1503",260177,2014,33705350.03
"1504",260231,2014,15093701.79
"1505",260428,2014,108120797.35
"1506",260771,2014,6006825.75999999
"1507",261238,2014,27124474.9100001
"1508",261602,2014,-15750600.9
"1509",261718,2014,21996498.3
"1510",261891,2014,88388954.3900003
"1511",261912,2014,-14934600.05
"1512",262340,2014,104450802.31
"1513",262587,2014,-10003038.89
"1514",262633,2014,-24055875.34
"1515",262781,2014,10265055.57
"1516",262978,2014,54363663.3499994
"1517",263958,2014,388440.960000038
"1518",263991,2014,-40345674.28
"1519",264334,2014,11278987.66
"1520",265209,2014,-7318746.63
"1521",265365,2014,480793.520000041
"1522",265781,2014,44108996.5599999
"1523",266027,2014,9332582.83999991
"1524",266094,2014,49636816.0300002
"1525",266230,2014,6960276.55000019
"1526",266621,2014,127054910.72
"1527",267449,2014,-38142624.48
"1528",267538,2014,3360393.64000005
"1529",268321,2014,31129681.95
"1530",268810,2014,-14528422.9500008
"1531",269247,2014,10498370.78
"1532",270059,2014,15467845.48
"1533",270211,2014,27824449.1899999
"1534",271560,2014,18970525.86
"1535",271632,2014,1140086.50999999
"1536",271888,2014,6544102.97
"1537",272523,2014,-6529206.26999998
"1538",272728,2014,14609297.88
"1539",272868,2014,-4104948.81000006
"1540",272876,2014,9366861.41
"1541",273571,2014,-27596051.64
"1542",274046,2014,930300.960000038
"1543",274101,2014,-3115051.98000002
"1544",274879,2014,-2401713.20999998
"1545",274968,2014,8403760.59000003
"1546",275336,2014,-4243485.18000001
"1547",275808,2014,12338087.78
"1548",276111,2014,6917112.87
"1549",276227,2014,39454037.75
"1550",276944,2014,19746163.0600001
"1551",277037,2014,2775528.97000003
"1552",277177,2014,12055021.02
"1553",277444,2014,19136048.55
"1554",277819,2014,15221389.45
"1555",278360,2014,70063379.6099999
"1556",278475,2014,21550522.92
"1557",278653,2014,15168151.74
"1558",279072,2014,9930278.48
"1559",279102,2014,-4594077.94
"1560",279676,2014,-2927465.73000002
"1561",279773,2014,-24610427.77
"1562",279846,2014,15456342.45
"1563",279943,2014,-7961078.14999986
"1564",279978,2014,30859392.8299999
"1565",281859,2014,25542847.12
"1566",281964,2014,20417100.49
"1567",282481,2014,13773020.74
"1568",282651,2014,-68030700.69
"1569",282707,2014,-23882878.95
"1570",282979,2014,9214103.97999996
"1571",283061,2014,-3657628.98000002
"1572",283193,2014,4957286.92000002
"1573",283347,2014,3149671.90000001
"1574",283509,2014,-20759104.7
"1575",283924,2014,9892233.86000013
"1576",284165,2014,15101120.3
"1577",284301,2014,12167262.29
"1578",284611,2014,10617258.34
"1579",284653,2014,14346110.54
"1580",284891,2014,83742094.26
"1581",285030,2014,-56212600.83
"1582",285455,2014,-8370335.21999991
"1583",286010,2014,178890896.59
"1584",286745,2014,-1796137.95000002
"1585",287113,2014,25817243.47
"1586",287172,2014,22674092.76
"1587",287351,2014,39220252.0099999
"1588",288365,2014,6255144.45
"1589",288659,2014,87689130.0799999
"1590",289931,2014,3805357.61999995
"1591",289965,2014,13266113.43
"1592",290629,2014,15741254.6000001
"1593",291463,2014,-36912001.12
"1594",291471,2014,38284921.79
"1595",291676,2014,11092483.6
"1596",292311,2014,25232094.62
"1597",292427,2014,6414122.51000011
"1598",293199,2014,11586442.97
"1599",293881,2014,-20120970.9099998
"1600",294136,2014,-60268670.57
"1601",294900,2014,11481897.5
"1602",295671,2014,-73842006.89
"1603",295841,2014,27397961.71
"1604",295892,2014,-30252438.4
"1605",296139,2014,44009982.6199999
"1606",296317,2014,17359151.65
"1607",296643,2014,-15095689.97
"1608",296651,2014,-12458010.85
"1609",296759,2014,13705522.88
"1610",297313,2014,-104355785.94
"1611",297437,2014,8028462.02999997
"1612",297488,2014,24696677.6900005
"1613",297534,2014,141389177.66
"1614",297569,2014,-72812947.8200002
"1615",297577,2014,9121000.07999992
"1616",297755,2014,12889119.97
"1617",297852,2014,-7504794.13999999
"1618",298077,2014,1591336.99000001
"1619",298212,2014,-2351667.20000005
"1620",298221,2014,-31513619.3
"1621",299138,2014,25632328.77
"1622",299308,2014,-138653148.64
"1623",299529,2014,52685447.8699999
"1624",299634,2014,20940650.32
"1625",300063,2014,31166425.0600001
"1626",300292,2014,1033173.42
"1627",300535,2014,128909165.2
"1628",300870,2014,9498479.25
"1629",301311,2014,-8038864.09000015
"1630",301493,2014,9140188.51000005
"1631",301825,2014,106150463.65
"1632",302724,2014,32371250.53
"1633",303038,2014,20548867.52
"1634",303461,2014,12754745.73
"1635",303640,2014,44996589.36
"1636",304271,2014,23571156.08
"1637",304387,2014,-29087723.5500001
"1638",304450,2014,2043203.21000004
"1639",845451,2014,-6535706.29999924
"1640",44992785,2014,878837807.160004
"1641",75370,2015,-188881425.860001
"1642",81531,2015,-65148711.8800001
"1643",231401,2015,7548916.79999995
"1644",232947,2015,-15777251.5
"1645",232963,2015,19247306.37
"1646",233129,2015,-38029881.1999998
"1647",233242,2015,3751135.47999996
"1648",234516,2015,163186001.16
"1649",234877,2015,11929661.71
"1650",235334,2015,-2265560.28
"1651",235440,2015,70978609.3699999
"1652",236021,2015,9380654.58999997
"1653",236195,2015,50973592.1400001
"1654",236977,2015,-16322002.72
"1655",237051,2015,8935686.63
"1656",237108,2015,20483126.1
"1657",238295,2015,4827848.33999991
"1658",238309,2015,18638537.66
"1659",239402,2015,13401169.38
"1660",239500,2015,2291431.88999999
"1661",239640,2015,-17573004.03
"1662",240079,2015,43911680.0400001
"1663",240702,2015,31927716.9400001
"1664",241121,2015,36258492.49
"1665",242098,2015,12939938.52
"1666",243132,2015,47577800.9400001
"1667",243272,2015,-32755188.63
"1668",244309,2015,20772904.5
"1669",244732,2015,289448126.129999
"1670",245551,2015,14560326.96
"1671",245585,2015,47590141.9799999
"1672",245836,2015,-37134074.76
"1673",245941,2015,-26312007.75
"1674",246476,2015,-9600282.56
"1675",246875,2015,-39959683.46
"1676",247618,2015,4674445.46999991
"1677",248266,2015,6689474.61000001
"1678",248789,2015,-16897646.8200001
"1679",248801,2015,33746791.1899999
"1680",249831,2015,17562858.59
"1681",249998,2015,64285673.1199999
"1682",250627,2015,-24939263.88
"1683",250805,2015,20796658.17
"1684",250996,2015,10678202.41
"1685",251810,2015,64371156.51
"1686",251984,2015,-9120698.07999998
"1687",252921,2015,6856500.52999997
"1688",253014,2015,60170384.6700001
"1689",253316,2015,62020895.5899999
"1690",253383,2015,-16309557.93
"1691",253901,2015,-14256488.59
"1692",253979,2015,39860108.6600001
"1693",254061,2015,-9116970.81000006
"1694",254657,2015,-79728308.5299997
"1695",254843,2015,74373369.5599999
"1696",255513,2015,28633128.88
"1697",255661,2015,25635961.1599998
"1698",256129,2015,39170710.45
"1699",256455,2015,15972568.25
"1700",256986,2015,-4402438.73000002
"1701",257125,2015,25198531.85
"1702",257265,2015,-18171232.3
"1703",257966,2015,798421
"1704",258199,2015,35652674.28
"1705",259047,2015,42657991.6800001
"1706",259438,2015,-14539745.66
"1707",259586,2015,18842729.0200002
"1708",260177,2015,14005654.33
"1709",260231,2015,18466977.84
"1710",260428,2015,113748652.81
"1711",260771,2015,-1988722.70999998
"1712",261238,2015,40259687.76
"1713",261602,2015,12265958.73
"1714",261718,2015,32005789.8
"1715",261891,2015,43829030.6100001
"1716",261912,2015,5696442.87000012
"1717",262340,2015,-41545713.3400002
"1718",262587,2015,12779639.19
"1719",262633,2015,23893494.63
"1720",262781,2015,15559690.5
"1721",262978,2015,249413896.73
"1722",263958,2015,14584907.0799999
"1723",263991,2015,24470469.7399999
"1724",264334,2015,9735126.97000003
"1725",265209,2015,20198545.5600001
"1726",265365,2015,13347172.27
"1727",265781,2015,21632129.9399998
"1728",266027,2015,-41447250.1399999
"1729",266094,2015,160760602.36
"1730",266230,2015,52141837.39
"1731",266621,2015,133806216.13
"1732",267449,2015,11722113.6799998
"1733",267538,2015,23478304.52
"1734",268321,2015,3856833.31
"1735",268810,2015,134233859.87
"1736",269247,2015,18604615.58
"1737",270059,2015,11414202.03
"1738",270211,2015,-8032467.1099999
"1739",271560,2015,7004838.81
"1740",271632,2015,-12327793.28
"1741",271888,2015,-31555834.01
"1742",272523,2015,-9862821.75
"1743",272728,2015,2965033.21999997
"1744",272868,2015,17684359.6899999
"1745",272876,2015,7969290.56999999
"1746",273571,2015,382973.579999983
"1747",274046,2015,48621055.8099995
"1748",274101,2015,7441253.09000003
"1749",274879,2015,27587276.79
"1750",274968,2015,14025319.12
"1751",275336,2015,20868580.56
"1752",275808,2015,21541735.43
"1753",276111,2015,228799.050000012
"1754",276227,2015,-68761109.02
"1755",276944,2015,19660545.8500001
"1756",277037,2015,23268501.72
"1757",277177,2015,23541372.1299999
"1758",277444,2015,16995880.05
"1759",277819,2015,38734971.1600001
"1760",278360,2015,47412435.3099999
"1761",278475,2015,-2458062.63
"1762",278653,2015,19561322.67
"1763",279072,2015,2232211.25999999
"1764",279102,2015,13070979.52
"1765",279676,2015,11512736.75
"1766",279773,2015,40262405.23
"1767",279846,2015,14477947.81
"1768",279943,2015,16958026.01
"1769",279978,2015,3864100.38
"1770",281859,2015,7255167.25
"1771",281964,2015,51357925.09
"1772",282481,2015,11851954.41
"1773",282651,2015,33483648.05
"1774",282707,2015,12103640.62
"1775",282979,2015,6667360.66999996
"1776",283061,2015,57471858.9499999
"1777",283193,2015,21969407.66
"1778",283347,2015,14306424.68
"1779",283509,2015,-412784.110000014
"1780",283924,2015,-32668822.96
"1781",284165,2015,-568693.219999999
"1782",284301,2015,12420966.54
"1783",284611,2015,1838819.40000001
"1784",284653,2015,5767613.91
"1785",284891,2015,-89453588.3499999
"1786",285030,2015,20624650.19
"1787",285455,2015,10215059.6999999
"1788",286010,2015,-249448319.51
"1789",286745,2015,32376113.3
"1790",287113,2015,2193188.39999998
"1791",287172,2015,-6381128.28000003
"1792",287351,2015,49892820.41
"1793",288365,2015,5267493.7
"1794",288659,2015,34318110.26
"1795",289931,2015,4811545.09999996
"1796",289965,2015,9400953.85000001
"1797",290629,2015,31719621.3
"1798",291463,2015,36834051.8199999
"1799",291471,2015,18462332.49
"1800",291676,2015,1818439.06
"1801",292311,2015,20172823.17
"1802",292427,2015,37575748.28
"1803",293199,2015,-5849674.01999998
"1804",293881,2015,120629732.16
"1805",294136,2015,30078904.25
"1806",294900,2015,-38667998.25
"1807",295671,2015,10282557.44
"1808",295841,2015,16633975.4999999
"1809",295892,2015,29000311.26
"1810",296139,2015,36069717.8199999
"1811",296317,2015,-8210876.33000001
"1812",296643,2015,-1646941.07000017
"1813",296651,2015,25221383.18
"1814",296759,2015,-7203469.19
"1815",297313,2015,-10787999.52
"1816",297437,2015,36852562.76
"1817",297488,2015,140485603.35
"1818",297534,2015,-236924343.08
"1819",297569,2015,-47943879.05
"1820",297577,2015,16436132.0399997
"1821",297755,2015,-14275750.41
"1822",297852,2015,-65412753.73
"1823",298077,2015,43830106.38
"1824",298212,2015,-24400349.1900001
"1825",298221,2015,-7145539.62
"1826",299138,2015,-4567725.8900001
"1827",299308,2015,261817851.63
"1828",299529,2015,12492524.0600001
"1829",299634,2015,14855570.47
"1830",300063,2015,8566078.12000012
"1831",300292,2015,3278324.22999999
"1832",300535,2015,20650314.9699998
"1833",300870,2015,14644864.96
"1834",301311,2015,2965579.21000004
"1835",301493,2015,25300414.56
"1836",301825,2015,113604376.04
"1837",302724,2015,-38674342.38
"1838",303038,2015,-6312833.10000008
"1839",303461,2015,-3221802.34000003
"1840",303640,2015,-52053266.6099999
"1841",304271,2015,29891046.5999999
"1842",304387,2015,35617447.6
"1843",304450,2015,44641551.6499999
"1844",845451,2015,738154810.210003
"1845",44992785,2015,651106551.669998
"1846",75370,2016,1233493141.04
"1847",81531,2016,378831798.5
"1848",231401,2016,76524725.9099998
"1849",232947,2016,27952422.24
"1850",232963,2016,20437495.61
"1851",233129,2016,91287166.6700001
"1852",233242,2016,1857386.78999996
"1853",234516,2016,84459429.73
"1854",234877,2016,86992748.33
"1855",235334,2016,18086925.9
"1856",235440,2016,135917514.07
"1857",236021,2016,-26589630.74
"1858",236195,2016,-16976874.72
"1859",236977,2016,38984392.72
"1860",237051,2016,34679864.74
"1861",237108,2016,26656203.1900001
"1862",238295,2016,94810948.1299999
"1863",238309,2016,36164061.66
"1864",239402,2016,47259889.82
"1865",239500,2016,10514945.24
"1866",239640,2016,72532772.66
"1867",240079,2016,87681308.65
"1868",240702,2016,80856773.01
"1869",241121,2016,27055146.11
"1870",242098,2016,19416587.86
"1871",243132,2016,138112564.54
"1872",243272,2016,8599822.97000003
"1873",244309,2016,20923067.3
"1874",244732,2016,162103177.76
"1875",245551,2016,15986616.67
"1876",245585,2016,26013899.48
"1877",245836,2016,28511887.95
"1878",245941,2016,20619028.83
"1879",246476,2016,23062185.49
"1880",246875,2016,52926733.28
"1881",247618,2016,44386934.28
"1882",248266,2016,18872972.47
"1883",248789,2016,15172900.89
"1884",248801,2016,2382364.33999991
"1885",249831,2016,-123646.889999986
"1886",249998,2016,59139220.0299997
"1887",250627,2016,31147356.84
"1888",250805,2016,10253973.93
"1889",250996,2016,13711003.76
"1890",251810,2016,140317449.32
"1891",251984,2016,20145326.59
"1892",252921,2016,19647157.97
"1893",253014,2016,156589236.14
"1894",253316,2016,64587460.32
"1895",253383,2016,64162110.78
"1896",253901,2016,70812295.45
"1897",253979,2016,179224666.95
"1898",254061,2016,43000519.86
"1899",254657,2016,234566513.23
"1900",254843,2016,-3636383.47999978
"1901",255513,2016,33978492.14
"1902",255661,2016,83725099.84
"1903",256129,2016,36158144.5999999
"1904",256455,2016,11225483.35
"1905",256986,2016,2612985.27999997
"1906",257125,2016,17178211.8800001
"1907",257265,2016,12140737.5
"1908",257966,2016,9321678.84999999
"1909",258199,2016,24717668.89
"1910",259047,2016,80822139.67
"1911",259438,2016,51967549.2599999
"1912",259586,2016,109578494.73
"1913",260177,2016,16516921.36
"1914",260231,2016,3029329.10000002
"1915",260428,2016,111539366.58
"1916",260771,2016,5953880.13999999
"1917",261238,2016,120673490.2
"1918",261602,2016,19253351.7600001
"1919",261718,2016,60138577.83
"1920",261891,2016,68296865.4300003
"1921",261912,2016,-16491883.8199999
"1922",262340,2016,98036872.6800001
"1923",262587,2016,13232742.2
"1924",262633,2016,13991834.4
"1925",262781,2016,8943611.44
"1926",262978,2016,266780454.32
"1927",263958,2016,-14666897.6600001
"1928",263991,2016,27014470.67
"1929",264334,2016,16562218.54
"1930",265209,2016,14464829.95
"1931",265365,2016,15628146.55
"1932",265781,2016,51925810.11
"1933",266027,2016,110415997.91
"1934",266094,2016,274367628.739999
"1935",266230,2016,78864265.2199999
"1936",266621,2016,224072055.9
"1937",267449,2016,19218572
"1938",267538,2016,15447373.08
"1939",268321,2016,15744053.88
"1940",268810,2016,180458158.429999
"1941",269247,2016,15243465.36
"1942",270059,2016,35628518.77
"1943",270211,2016,44014485.0799999
"1944",271560,2016,24553033.71
"1945",271632,2016,58343388.8
"1946",271888,2016,29116556.34
"1947",272523,2016,18163649.86
"1948",272728,2016,18447480.1
"1949",272868,2016,13808138.7
"1950",272876,2016,11503970.92
"1951",273571,2016,13441557.72
"1952",274046,2016,97721461.3400002
"1953",274101,2016,11453748.71
"1954",274879,2016,25265897.09
"1955",274968,2016,18769519.59
"1956",275336,2016,8099162.16000003
"1957",275808,2016,16564333.47
"1958",276111,2016,2950557.59000003
"1959",276227,2016,5393436.92999995
"1960",276944,2016,26592714.25
"1961",277037,2016,25759513.47
"1962",277177,2016,8871967.95999998
"1963",277444,2016,82037455.5
"1964",277819,2016,46282843.26
"1965",278360,2016,77644561.79
"1966",278475,2016,64058811.1
"1967",278653,2016,20297535.45
"1968",279072,2016,17604970.51
"1969",279102,2016,17677422.75
"1970",279676,2016,17477074.55
"1971",279773,2016,16859418.25
"1972",279846,2016,23047240.12
"1973",279943,2016,30595392.3900001
"1974",279978,2016,7194261.26999998
"1975",281859,2016,12783440.8800001
"1976",281964,2016,54152924.8
"1977",282481,2016,36808021.78
"1978",282651,2016,37751516.23
"1979",282707,2016,-219244.790000081
"1980",282979,2016,7293019.35000008
"1981",283061,2016,16499748.0799999
"1982",283193,2016,29902486.36
"1983",283347,2016,58351690.83
"1984",283509,2016,9316514.15000001
"1985",283924,2016,92205618.6399999
"1986",284165,2016,32845143.38
"1987",284301,2016,34949191.01
"1988",284611,2016,17789399.32
"1989",284653,2016,14734130.8
"1990",284891,2016,150471189.55
"1991",285030,2016,-4121290.7299999
"1992",285455,2016,22598624.59
"1993",286010,2016,134753986.03
"1994",286745,2016,6415618.02999997
"1995",287113,2016,22299376.98
"1996",287172,2016,37283680.35
"1997",287351,2016,24386267.7600001
"1998",288365,2016,3078966.48
"1999",288659,2016,38624518.0700002
"2000",289931,2016,8720191.62
"2001",289965,2016,21336627.23
"2002",290629,2016,71362433.71
"2003",291463,2016,3893708.76999998
"2004",291471,2016,85353953.23
"2005",291676,2016,15414319.65
"2006",292311,2016,35260849.95
"2007",292427,2016,67059476.71
"2008",293199,2016,13879325.69
"2009",293881,2016,176526217.53
"2010",294136,2016,43682749.58
"2011",294900,2016,-10916565.43
"2012",295671,2016,37987131.22
"2013",295841,2016,-3020481.13999999
"2014",295892,2016,46551118.58
"2015",296139,2016,31727850.1400001
"2016",296317,2016,46120241.25
"2017",296643,2016,164799520.66
"2018",296651,2016,34484911.64
"2019",296759,2016,15780536.76
"2020",297313,2016,125649378.91
"2021",297437,2016,68954819.83
"2022",297488,2016,323257553.7
"2023",297534,2016,352922272.51
"2024",297569,2016,38975054.5999999
"2025",297577,2016,58712325.4300001
"2026",297755,2016,3683561.24000001
"2027",297852,2016,30406939.27
"2028",298077,2016,61056484.23
"2029",298212,2016,16695299.3400002
"2030",298221,2016,9805770.02000004
"2031",299138,2016,13839109.85
"2032",299308,2016,178314328.06
"2033",299529,2016,106806026.72
"2034",299634,2016,39636876.55
"2035",300063,2016,-2808254.01000011
"2036",300292,2016,45730430.91
"2037",300535,2016,295179698.66
"2038",300870,2016,7987915.32000002
"2039",301311,2016,28161330.5699999
"2040",301493,2016,40029032.13
"2041",301825,2016,167203901.28
"2042",302724,2016,82129154.4699999
"2043",303038,2016,39736736.63
"2044",303461,2016,43977028.5699999
"2045",303640,2016,13552437.55
"2046",304271,2016,36124086.8200001
"2047",304387,2016,39552440.5599999
"2048",304450,2016,68816188.4000001
"2049",845451,2016,1653485103.55
"2050",44992785,2016,1568030944.26
"2051",75370,2017,653742543.299999
"2052",81531,2017,225443600.990001
"2053",231401,2017,-80500811.5900002
"2054",232947,2017,52472342.53
"2055",232963,2017,10919510.89
"2056",233129,2017,53631690.54
"2057",233242,2017,-470730.089999974
"2058",234516,2017,18224527.2599998
"2059",234877,2017,65888996.37
"2060",235334,2017,9844659.98999998
"2061",235440,2017,61110970.5600002
"2062",236021,2017,26151941.4499999
"2063",236195,2017,16723065.4200001
"2064",236977,2017,44210250.86
"2065",237051,2017,25759901.3299999
"2066",237108,2017,18131820.59
"2067",238295,2017,-109571830.8
"2068",238309,2017,14313754.79
"2069",239402,2017,24019190.42
"2070",239500,2017,38227481.21
"2071",239640,2017,39429814.61
"2072",240079,2017,94378386.96
"2073",240702,2017,6367050.5
"2074",241121,2017,-11548032
"2075",242098,2017,5622868.32000005
"2076",243132,2017,58890555.6500001
"2077",243272,2017,12844339.3
"2078",244309,2017,17311460.91
"2079",244732,2017,135171212.670001
"2080",245551,2017,9654992.10999995
"2081",245585,2017,13533597.72
"2082",245836,2017,29849884.2
"2083",245941,2017,35057102.27
"2084",246476,2017,4111705.11999995
"2085",246875,2017,89858454.0799999
"2086",247618,2017,39763649.87
"2087",248266,2017,-11849229.9299999
"2088",248789,2017,9944229.14999998
"2089",248801,2017,-2887983.06999993
"2090",249831,2017,6700861.48000002
"2091",249998,2017,-11770924
"2092",250627,2017,19668387.6
"2093",250805,2017,15709571.3800001
"2094",250996,2017,26448198.49
"2095",251810,2017,92453786.3899999
"2096",251984,2017,24004343.95
"2097",252921,2017,11517436.96
"2098",253014,2017,62773615.1100001
"2099",253316,2017,12714790.1600001
"2100",253383,2017,-12091373.05
"2101",253901,2017,41866662.67
"2102",253979,2017,47646355.0800002
"2103",254061,2017,35343234.4299999
"2104",254657,2017,94413851.6600001
"2105",254843,2017,-10327113.8400002
"2106",255513,2017,-15452444.93
"2107",255661,2017,45132541.72
"2108",256129,2017,34761695.83
"2109",256455,2017,22188486.89
"2110",256986,2017,-16700133.19
"2111",257125,2017,18858827.65
"2112",257265,2017,17656815.77
"2113",257966,2017,1431842.31
"2114",258199,2017,40063878.13
"2115",259047,2017,49182916.24
"2116",259438,2017,-5267103.24000001
"2117",259586,2017,59261762.47
"2118",260177,2017,9920546.11000001
"2119",260231,2017,30425109.01
"2120",260428,2017,90154725.76
"2121",260771,2017,-14112469.78
"2122",261238,2017,78057467.1800001
"2123",261602,2017,-3386341.94999999
"2124",261718,2017,28807859.1
"2125",261891,2017,-38459558.7799997
"2126",261912,2017,13030683.49
"2127",262340,2017,95987313.01
"2128",262587,2017,-28400821.59
"2129",262633,2017,10900740.8099999
"2130",262781,2017,2494552.46999997
"2131",262978,2017,175035941.420001
"2132",263958,2017,43453022.6400001
"2133",263991,2017,-11044571.9
"2134",264334,2017,-5429782.44000006
"2135",265209,2017,25355374.89
"2136",265365,2017,11867789.82
"2137",265781,2017,47589911.29
"2138",266027,2017,57095641.8000002
"2139",266094,2017,252071145.8
"2140",266230,2017,25804222.64
"2141",266621,2017,148906783.18
"2142",267449,2017,56762487.6500001
"2143",267538,2017,-1957955.94
"2144",268321,2017,16164230.55
"2145",268810,2017,335232319.849999
"2146",269247,2017,6969013.52999997
"2147",270059,2017,-13091336.61
"2148",270211,2017,66698214.7700001
"2149",271560,2017,2569039.79999995
"2150",271632,2017,-350681.649999857
"2151",271888,2017,31384044.21
"2152",272523,2017,-16395622.52
"2153",272728,2017,15442142.92
"2154",272868,2017,-14226522.4499999
"2155",272876,2017,14338284.16
"2156",273571,2017,18986561.28
"2157",274046,2017,31230532.6199999
"2158",274101,2017,-3464510.89999998
"2159",274879,2017,23211966.45
"2160",274968,2017,31459680.07
"2161",275336,2017,31913134.84
"2162",275808,2017,-14963214.73
"2163",276111,2017,15377902.69
"2164",276227,2017,21081843.2199999
"2165",276944,2017,7689834.12
"2166",277037,2017,4596328.32999998
"2167",277177,2017,2117328.5999999
"2168",277444,2017,71375485.9099998
"2169",277819,2017,469868.340000033
"2170",278360,2017,24634591.3199999
"2171",278475,2017,63295621.5799999
"2172",278653,2017,26102174.6399999
"2173",279072,2017,270578.930000007
"2174",279102,2017,4214375.95000005
"2175",279676,2017,5282446.40999997
"2176",279773,2017,4030665.29999995
"2177",279846,2017,3551175.08999997
"2178",279943,2017,43762109.53
"2179",279978,2017,-14337650.08
"2180",281859,2017,22870068.14
"2181",281964,2017,-16337337.4300001
"2182",282481,2017,7226128.96999997
"2183",282651,2017,34737862.1
"2184",282707,2017,375971.949999988
"2185",282979,2017,-28118238.06
"2186",283061,2017,-18883079.03
"2187",283193,2017,18301751.13
"2188",283347,2017,15648554.62
"2189",283509,2017,20478050.86
"2190",283924,2017,52284692.0900002
"2191",284165,2017,1623532.22
"2192",284301,2017,18318040.4300001
"2193",284611,2017,7496315.84
"2194",284653,2017,-16922.0799999833
"2195",284891,2017,-30934130.22
"2196",285030,2017,5564499.77999997
"2197",285455,2017,-36581380.63
"2198",286010,2017,124466942.11
"2199",286745,2017,-8337412.01999998
"2200",287113,2017,3200940.16000003
"2201",287172,2017,14989980.06
"2202",287351,2017,35368519.8200001
"2203",288365,2017,4882590.09
"2204",288659,2017,-15439704.75
"2205",289931,2017,14058254.16
"2206",289965,2017,8323821.79000002
"2207",290629,2017,109153217.94
"2208",291463,2017,52826779.84
"2209",291471,2017,45580878.9999998
"2210",291676,2017,19333077.76
"2211",292311,2017,-10326218.49
"2212",292427,2017,23166926.3100001
"2213",293199,2017,34447011.26
"2214",293881,2017,139002061.21
"2215",294136,2017,-25926543.57
"2216",294900,2017,13899597.53
"2217",295671,2017,47888500.67
"2218",295841,2017,-6307267.27999997
"2219",295892,2017,15711322.16
"2220",296139,2017,27085766.04
"2221",296317,2017,-5361221.46000001
"2222",296643,2017,-5938713.67999983
"2223",296651,2017,-1868250.95999998
"2224",296759,2017,-17802578.48
"2225",297313,2017,-10622106.5200002
"2226",297437,2017,-18378150.76
"2227",297488,2017,30770850.0900002
"2228",297534,2017,331045926.59
"2229",297569,2017,4769409.74000001
"2230",297577,2017,27520674.05
"2231",297755,2017,22561616.66
"2232",297852,2017,6545301.13
"2233",298077,2017,-31599281.9
"2234",298212,2017,38225161.8299999
"2235",298221,2017,18873545.67
"2236",299138,2017,-6150296.52999985
"2237",299308,2017,9892022.59999943
"2238",299529,2017,37129974.61
"2239",299634,2017,-61262150.02
"2240",300063,2017,-8036343.33999991
"2241",300292,2017,29900449.68
"2242",300535,2017,192144125.86
"2243",300870,2017,-7216123.63999999
"2244",301311,2017,2807824.92999995
"2245",301493,2017,-31572743.8599999
"2246",301825,2017,139670276.58
"2247",302724,2017,23335095.39
"2248",303038,2017,49670515.4999999
"2249",303461,2017,-146853336.53
"2250",303640,2017,27420443.46
"2251",304271,2017,18380247.21
"2252",304387,2017,12565572.03
"2253",304450,2017,62711576.22
"2254",845451,2017,637638419.480003
"2255",44992785,2017,390872152.360001
"2256",75370,2018,-23218807.5
"2257",81531,2018,70719539.8800001
"2258",231401,2018,-91405504.76
"2259",232947,2018,-28633309.7
"2260",232963,2018,-16910438.02
"2261",233129,2018,-9360297.67000008
"2262",233242,2018,-30556042.47
"2263",234516,2018,-118788034.98
"2264",234877,2018,-48113005.6699998
"2265",235334,2018,-11517408.6
"2266",235440,2018,-26282055.03
"2267",236021,2018,11177147.12
"2268",236195,2018,-49553022.3900001
"2269",236977,2018,52860878.7099999
"2270",237051,2018,43010822.8000001
"2271",237108,2018,229552029.04
"2272",238295,2018,-36777533.6999998
"2273",238309,2018,16549774
"2274",239402,2018,45579807.67
"2275",239500,2018,-205994.779999971
"2276",239640,2018,3697174.63
"2277",240079,2018,-16582392.41
"2278",240702,2018,-34943598.2900001
"2279",241121,2018,-50237146.84
"2280",242098,2018,-38714728.6
"2281",243132,2018,24989188.6199999
"2282",243272,2018,8426130.94
"2283",244309,2018,-21536799.7900001
"2284",244732,2018,233006069.98
"2285",245551,2018,-8771310.72999996
"2286",245585,2018,19481640.6
"2287",245836,2018,-33426957.26
"2288",245941,2018,-17161665.79
"2289",246476,2018,2350282.25
"2290",246875,2018,2526603.03999996
"2291",247618,2018,17656561.04
"2292",248266,2018,-2730840.20999992
"2293",248789,2018,-65038611.8099999
"2294",248801,2018,-30286754.9499999
"2295",249831,2018,11089130.61
"2296",249998,2018,-185973668.18
"2297",250627,2018,5142115.44000006
"2298",250805,2018,-37654977.31
"2299",250996,2018,26689134.08
"2300",251810,2018,-14442956.2
"2301",251984,2018,-21930467.6300001
"2302",252921,2018,-13272173.51
"2303",253014,2018,-74490166.0499997
"2304",253316,2018,19082388.6700001
"2305",253383,2018,-46752010.45
"2306",253901,2018,-809672.99000001
"2307",253979,2018,36174356.98
"2308",254061,2018,-6823790.41999984
"2309",254657,2018,-148441027.18
"2310",254843,2018,54152654.5999999
"2311",255513,2018,-18974995.44
"2312",255661,2018,12017504.1500001
"2313",256129,2018,37365478.86
"2314",256455,2018,-6538475.83000001
"2315",256986,2018,5378862.75999999
"2316",257125,2018,-24435256.45
"2317",257265,2018,7325621.26000005
"2318",257966,2018,15151491.93
"2319",258199,2018,12987554.8699999
"2320",259047,2018,31382642.35
"2321",259438,2018,-15976751.85
"2322",259586,2018,40956938.6799998
"2323",260177,2018,-1835121.19999999
"2324",260231,2018,16656633.59
"2325",260428,2018,-10069309.1700001
"2326",260771,2018,30777456.28
"2327",261238,2018,19416007.5100002
"2328",261602,2018,-10208328.3
"2329",261718,2018,-500542.850000143
"2330",261891,2018,-64028025.3999996
"2331",261912,2018,1615024.00999999
"2332",262340,2018,33223653.9399996
"2333",262587,2018,5807839.66000003
"2334",262633,2018,-11560597.3
"2335",262781,2018,13082448.2399999
"2336",262978,2018,-132785440.56
"2337",263958,2018,-11515429.21
"2338",263991,2018,16749705.38
"2339",264334,2018,20446238.95
"2340",265209,2018,-15368066.9299998
"2341",265365,2018,-1859065.84999996
"2342",265781,2018,-14544911.1099999
"2343",266027,2018,27859802.6799998
"2344",266094,2018,84882900.3200006
"2345",266230,2018,21364511.8899999
"2346",266621,2018,-280067280.12
"2347",267449,2018,-117568174.37
"2348",267538,2018,-6570117.72000003
"2349",268321,2018,11222754.37
"2350",268810,2018,59648670.3800001
"2351",269247,2018,4563022.25
"2352",270059,2018,-7865761.11999995
"2353",270211,2018,42214857.05
"2354",271560,2018,10529498.5700001
"2355",271632,2018,-44741111.6799998
"2356",271888,2018,-14276800.57
"2357",272523,2018,-13556663.77
"2358",272728,2018,17234316.73
"2359",272868,2018,-44590847.2299998
"2360",272876,2018,12798774.41
"2361",273571,2018,-270759.599999994
"2362",274046,2018,-181238549.03
"2363",274101,2018,24661327.58
"2364",274879,2018,-33272031.1
"2365",274968,2018,-54746733.8199999
"2366",275336,2018,-6893787.80000007
"2367",275808,2018,-32960857.12
"2368",276111,2018,4832257.37
"2369",276227,2018,-43231195.27
"2370",276944,2018,-23232779.0799999
"2371",277037,2018,-48737895.72
"2372",277177,2018,-80679117.8700001
"2373",277444,2018,-35257203.02
"2374",277819,2018,-2876684.3499999
"2375",278360,2018,-55713546.3499999
"2376",278475,2018,6875675.84000003
"2377",278653,2018,-27584759.66
"2378",279072,2018,9727897.25999999
"2379",279102,2018,-77149508.74
"2380",279676,2018,-27104325.45
"2381",279773,2018,-23045869.78
"2382",279846,2018,17145889.89
"2383",279943,2018,28552726.4199998
"2384",279978,2018,-25628427.0400001
"2385",281859,2018,-10018977.6
"2386",281964,2018,-101573019.44
"2387",282481,2018,-27778075.21
"2388",282651,2018,-14068967.33
"2389",282707,2018,13409660.9300001
"2390",282979,2018,-50408431.02
"2391",283061,2018,-78757404.3399999
"2392",283193,2018,-22383690.31
"2393",283347,2018,-19805958.8
"2394",283509,2018,-35397869.32
"2395",283924,2018,-19048204.8199997
"2396",284165,2018,-14149457.1
"2397",284301,2018,-19907788.1699998
"2398",284611,2018,-13726111.29
"2399",284653,2018,159274.629999995
"2400",284891,2018,33035147.4300001
"2401",285030,2018,19060392.0700001
"2402",285455,2018,17067539.98
"2403",286010,2018,23306596.8599997
"2404",286745,2018,14255945.18
"2405",287113,2018,14957345.37
"2406",287172,2018,-42538454.86
"2407",287351,2018,54149410.63
"2408",288365,2018,14907513.48
"2409",288659,2018,-18120000.0699997
"2410",289931,2018,-74854938.1799999
"2411",289965,2018,31535681.55
"2412",290629,2018,16469066.4899998
"2413",291463,2018,20479016.77
"2414",291471,2018,-84477412.5600002
"2415",291676,2018,-25596914.89
"2416",292311,2018,-20179832.97
"2417",292427,2018,-34957558.7
"2418",293199,2018,-9425913.45999998
"2419",293881,2018,-41183141.8699999
"2420",294136,2018,19033584.77
"2421",294900,2018,-7528204.14999998
"2422",295671,2018,42728648.76
"2423",295841,2018,19781336.4100001
"2424",295892,2018,18551977.4100001
"2425",296139,2018,8677271.49999976
"2426",296317,2018,2707368.47
"2427",296643,2018,69435734.9500003
"2428",296651,2018,-50893026.0300001
"2429",296759,2018,14165814.47
"2430",297313,2018,-31877473.99
"2431",297437,2018,40654451.02
"2432",297488,2018,52558352.3499999
"2433",297534,2018,-236982774.42
"2434",297569,2018,-31151330.01
"2435",297577,2018,9548490.32999992
"2436",297755,2018,-37072178.7900001
"2437",297852,2018,4730419.15000004
"2438",298077,2018,-13927033.4299999
"2439",298212,2018,10167139.8199999
"2440",298221,2018,-23359643.64
"2441",299138,2018,-937646.470000029
"2442",299308,2018,-15174124.8900003
"2443",299529,2018,36036533.71
"2444",299634,2018,38630799.78
"2445",300063,2018,-43201701.5
"2446",300292,2018,27360827.13
"2447",300535,2018,-100188577.82
"2448",300870,2018,-28970134.8200001
"2449",301311,2018,-18642101.1300001
"2450",301493,2018,-4817818.85000002
"2451",301825,2018,48535240.9700003
"2452",302724,2018,-34050693.84
"2453",303038,2018,-29882252.8699999
"2454",303461,2018,4592050.71000004
"2455",303640,2018,34191894.9399999
"2456",304271,2018,41576269.5799999
"2457",304387,2018,-58306125.4499998
"2458",304450,2018,-41575753.6600001
"2459",845451,2018,116506413.189999
"2460",44992785,2018,-592700637.119995
"2461",75370,2019,803979134.379997
"2462",81531,2019,114585529.780001
"2463",231401,2019,13494835.0599999
"2464",232947,2019,23327782.83
"2465",232963,2019,-4142054.96999997
"2466",233129,2019,5959303.13999987
"2467",233242,2019,31554873.77
"2468",234516,2019,-2961333.73000002
"2469",234877,2019,-33875753.55
"2470",235334,2019,11906454.5
"2471",235440,2019,44995802.5699997
"2472",236021,2019,36241283.65
"2473",236195,2019,6038967.41000009
"2474",236977,2019,48216119.9
"2475",237051,2019,-660289.110000014
"2476",237108,2019,-611911.899999857
"2477",238295,2019,-70644857.3200002
"2478",238309,2019,-26228356.0799999
"2479",239402,2019,-54750238.45
"2480",239500,2019,61989874.3399999
"2481",239640,2019,8702316.87
"2482",240079,2019,-4421604.29999995
"2483",240702,2019,58410404.6499999
"2484",241121,2019,-5257343.85000002
"2485",242098,2019,-40912740.9200001
"2486",243132,2019,84799174.6700001
"2487",243272,2019,-73285641.53
"2488",244309,2019,-89910708.0400001
"2489",244732,2019,189871251.810001
"2490",245551,2019,32643785.14
"2491",245585,2019,-10110850.9400001
"2492",245836,2019,13693652.17
"2493",245941,2019,21613687.93
"2494",246476,2019,12339717.04
"2495",246875,2019,3488357.46000004
"2496",247618,2019,67230928.54
"2497",248266,2019,14259361.4100001
"2498",248789,2019,-5263005.72000003
"2499",248801,2019,2074011.71000004
"2500",249831,2019,-24067567.7999999
"2501",249998,2019,64215710.79
"2502",250627,2019,-80334722.63
"2503",250805,2019,31028402.69
"2504",250996,2019,-15182024.01
"2505",251810,2019,127508438.45
"2506",251984,2019,32076685.28
"2507",252921,2019,-33541885.6
"2508",253014,2019,42697668.1100001
"2509",253316,2019,-205330255.17
"2510",253383,2019,37758680.57
"2511",253901,2019,48573960.71
"2512",253979,2019,14791074.52
"2513",254061,2019,-33000070.9100001
"2514",254657,2019,60280801.2600002
"2515",254843,2019,2157845.67999983
"2516",255513,2019,-838466.199999988
"2517",255661,2019,55869808.6400001
"2518",256129,2019,-994326.380000114
"2519",256455,2019,-8610128.68000001
"2520",256986,2019,-23745963.94
"2521",257125,2019,47244836.53
"2522",257265,2019,-37860702.03
"2523",257966,2019,10668166.9
"2524",258199,2019,31787423.87
"2525",259047,2019,25623727.97
"2526",259438,2019,-14827517.4399999
"2527",259586,2019,-25956914.8499999
"2528",260177,2019,12331894.04
"2529",260231,2019,-17521029.3200001
"2530",260428,2019,-72592820.28
"2531",260771,2019,22584842.9299999
"2532",261238,2019,29390651.5699997
"2533",261602,2019,15087932.92
"2534",261718,2019,116621913.8
"2535",261891,2019,65939424.6699991
"2536",261912,2019,18714022.1600001
"2537",262340,2019,-41930692.1100001
"2538",262587,2019,4872014
"2539",262633,2019,-19545972.84
"2540",262781,2019,44888903.14
"2541",262978,2019,-65763441
"2542",263958,2019,918355.730000019
"2543",263991,2019,-9726675.48000002
"2544",264334,2019,11797992.9499999
"2545",265209,2019,-11234366.1299999
"2546",265365,2019,11108050.47
"2547",265781,2019,-16890593.3099999
"2548",266027,2019,-25925854.95
"2549",266094,2019,54819688.460001
"2550",266230,2019,58726384.73
"2551",266621,2019,-145551060.04
"2552",267449,2019,-2153825.97000003
"2553",267538,2019,-3200177.67999995
"2554",268321,2019,-47812347.5700001
"2555",268810,2019,384970436.660001
"2556",269247,2019,-3606111.41000009
"2557",270059,2019,-4161752.99000001
"2558",270211,2019,59077810.9199998
"2559",271560,2019,4770092.49000001
"2560",271632,2019,32677396.3099999
"2561",271888,2019,60420239.25
"2562",272523,2019,30393168.55
"2563",272728,2019,-12452724.03
"2564",272868,2019,9174585.67999983
"2565",272876,2019,-512082.720000029
"2566",273571,2019,-1790184.03
"2567",274046,2019,-75139570.0999994
"2568",274101,2019,-5626602.82999998
"2569",274879,2019,18512824.93
"2570",274968,2019,-7651992.66999996
"2571",275336,2019,19983248.76
"2572",275808,2019,11452876.36
"2573",276111,2019,-17026125.73
"2574",276227,2019,-1257657.12
"2575",276944,2019,-5292727
"2576",277037,2019,2892412.22000003
"2577",277177,2019,30699438.46
"2578",277444,2019,12470073.9000001
"2579",277819,2019,-93921367.8000001
"2580",278360,2019,-55755449.3800001
"2581",278475,2019,42853549.27
"2582",278653,2019,9884626.19000006
"2583",279072,2019,-3727671.25
"2584",279102,2019,-55953123.55
"2585",279676,2019,-13003846.16
"2586",279773,2019,42217819.8
"2587",279846,2019,-20698082.08
"2588",279943,2019,10203834.8900001
"2589",279978,2019,-18336727.9299999
"2590",281859,2019,-56555.439999938
"2591",281964,2019,-56583613.91
"2592",282481,2019,-13480510.5599999
"2593",282651,2019,-39781374.62
"2594",282707,2019,30671302.48
"2595",282979,2019,-49802369.3200001
"2596",283061,2019,44696389.6300001
"2597",283193,2019,2597671.53000009
"2598",283347,2019,-26486421.53
"2599",283509,2019,-23449495.29
"2600",283924,2019,39836630.98
"2601",284165,2019,-8178036.20000002
"2602",284301,2019,-3438352.73999977
"2603",284611,2019,-4518374.86999997
"2604",284653,2019,-2625407.41999996
"2605",284891,2019,50654835.03
"2606",285030,2019,22408554.0599999
"2607",285455,2019,23247805.9300001
"2608",286010,2019,-10472174.9300003
"2609",286745,2019,-17354052.93
"2610",287113,2019,16411167.7
"2611",287172,2019,41444577.25
"2612",287351,2019,30992482.65
"2613",288365,2019,-2489858.44
"2614",288659,2019,-45632929.3700004
"2615",289931,2019,43343605
"2616",289965,2019,23335585.26
"2617",290629,2019,-31430537.6200001
"2618",291463,2019,47060799.25
"2619",291471,2019,28724008.96
"2620",291676,2019,11377131.79
"2621",292311,2019,61473135.11
"2622",292427,2019,42362479.5500002
"2623",293199,2019,12589235.76
"2624",293881,2019,128460882
"2625",294136,2019,43428709.21
"2626",294900,2019,13959727.33
"2627",295671,2019,60132272.58
"2628",295841,2019,-72056728.4100001
"2629",295892,2019,17455301.7199999
"2630",296139,2019,-53819524.27
"2631",296317,2019,8308462.82999998
"2632",296643,2019,-20366988.2000003
"2633",296651,2019,-20544735.64
"2634",296759,2019,-16272816.22
"2635",297313,2019,30963196.8600001
"2636",297437,2019,-50166605.1700001
"2637",297488,2019,152771470.190001
"2638",297534,2019,228186573.78
"2639",297569,2019,-4476182.95000005
"2640",297577,2019,36926471.0599999
"2641",297755,2019,34512489.4899999
"2642",297852,2019,-5815436.73000002
"2643",298077,2019,99464437.74
"2644",298212,2019,-19513796.9100001
"2645",298221,2019,-45160544.8
"2646",299138,2019,18916604.28
"2647",299308,2019,55634534.5899992
"2648",299529,2019,71672190.6900001
"2649",299634,2019,9163380.29000008
"2650",300063,2019,44899885.8
"2651",300292,2019,57163885.6
"2652",300535,2019,142848857.28
"2653",300870,2019,-3127236.07000005
"2654",301311,2019,33113293.8499999
"2655",301493,2019,4342727.66999996
"2656",301825,2019,141192264.5
"2657",302724,2019,41792963.4599998
"2658",303038,2019,-16550483.85
"2659",303461,2019,-17650641.4499998
"2660",303640,2019,51619679.27
"2661",304271,2019,-37293853.0899999
"2662",304387,2019,-3381781.63000011
"2663",304450,2019,20638574.6000001
"2664",845451,2019,789839835.580002
"2665",44992785,2019,227252000.789993
"2666",75370,2020,-44985658.8499985
"2667",81531,2020,136967342.85
"2668",231401,2020,-58993375.1900001
"2669",232947,2020,37921819.3199999
"2670",232963,2020,4389944.69
"2671",233129,2020,-78564435.0799999
"2672",233242,2020,21449667.05
"2673",234516,2020,170286092.58
"2674",234877,2020,24360795.8200002
"2675",235334,2020,22861823.32
"2676",235440,2020,51794011.7800002
"2677",236021,2020,22689283.02
"2678",236195,2020,7204833.17000008
"2679",236977,2020,52655396.4100001
"2680",237051,2020,-11112052.2900002
"2681",237108,2020,-4061024.07999992
"2682",238295,2020,-115542855.98
"2683",238309,2020,8034743.80999994
"2684",239402,2020,-68207033.26
"2685",239500,2020,24317197.1699998
"2686",239640,2020,-4581440.03999996
"2687",240079,2020,-143578860.71
"2688",240702,2020,47860331.6299999
"2689",241121,2020,55209233.66
"2690",242098,2020,7196728.45000005
"2691",243132,2020,62574970.8999999
"2692",243272,2020,59346701.78
"2693",244309,2020,40430334.03
"2694",244732,2020,132028101.91
"2695",245551,2020,8527380.22999996
"2696",245585,2020,-111612.519999981
"2697",245836,2020,-212441370.89
"2698",245941,2020,34367125.07
"2699",246476,2020,3825880.06000006
"2700",246875,2020,52088118.3500001
"2701",247618,2020,-40575951.05
"2702",248266,2020,4247858.79999995
"2703",248789,2020,-3020984.25999999
"2704",248801,2020,-9839554.17999995
"2705",249831,2020,17677292.1
"2706",249998,2020,84443218.4400001
"2707",250627,2020,48893920.97
"2708",250805,2020,-35642276.5799999
"2709",250996,2020,27354758.35
"2710",251810,2020,70521159.6099999
"2711",251984,2020,21985208.32
"2712",252921,2020,7610700.06
"2713",253014,2020,-64037434.77
"2714",253316,2020,-9464116.45000005
"2715",253383,2020,-9152157.44999999
"2716",253901,2020,91971857.09
"2717",253979,2020,56435979.96
"2718",254061,2020,19416392.6800001
"2719",254657,2020,-58306118.4200001
"2720",254843,2020,-22230204.9799998
"2721",255513,2020,-10056764.3
"2722",255661,2020,-19380734.8
"2723",256129,2020,-35388616.5999999
"2724",256455,2020,16428581.74
"2725",256986,2020,9875052.57000005
"2726",257125,2020,52675572.61
"2727",257265,2020,23308344.43
"2728",257966,2020,4598242.96000001
"2729",258199,2020,19915084.2600001
"2730",259047,2020,55625685.27
"2731",259438,2020,19240606.88
"2732",259586,2020,28779782.5900002
"2733",260177,2020,18055613.73
"2734",260231,2020,38133971.24
"2735",260428,2020,99936079.79
"2736",260771,2020,818156.720000029
"2737",261238,2020,-32388573.1899996
"2738",261602,2020,27501952.68
"2739",261718,2020,22630120.41
"2740",261891,2020,68742509.0600004
"2741",261912,2020,86112.9000000954
"2742",262340,2020,66887261.1599998
"2743",262587,2020,2082509.57999998
"2744",262633,2020,7979506.87
"2745",262781,2020,32439440.91
"2746",262978,2020,332275024.36
"2747",263958,2020,-26058293.1499999
"2748",263991,2020,11507457.58
"2749",264334,2020,-14441477
"2750",265209,2020,-112487390.67
"2751",265365,2020,-18771162.1200001
"2752",265781,2020,21537371.0599999
"2753",266027,2020,36128714.5799999
"2754",266094,2020,2435311.64000034
"2755",266230,2020,35144516.4200001
"2756",266621,2020,104895757.87
"2757",267449,2020,3134827.02999997
"2758",267538,2020,-41782020.27
"2759",268321,2020,39936942.11
"2760",268810,2020,171279578.66
"2761",269247,2020,20682222.4699999
"2762",270059,2020,-10705352.36
"2763",270211,2020,31313758.48
"2764",271560,2020,13779563.5300001
"2765",271632,2020,20467051.6900001
"2766",271888,2020,-4907758.62
"2767",272523,2020,-6759910.23000002
"2768",272728,2020,6083461.16999996
"2769",272868,2020,23635316.25
"2770",272876,2020,8583168.08999997
"2771",273571,2020,-652581.629999995
"2772",274046,2020,-241796623.24
"2773",274101,2020,23306033.45
"2774",274879,2020,29164368.88
"2775",274968,2020,-9421007.92999995
"2776",275336,2020,28209009.17
"2777",275808,2020,-59110.1499999762
"2778",276111,2020,16332345.1799999
"2779",276227,2020,-11368602.8
"2780",276944,2020,50271778.7099999
"2781",277037,2020,35023038.16
"2782",277177,2020,10136692.3200001
"2783",277444,2020,1426874.15999985
"2784",277819,2020,62262118.5
"2785",278360,2020,-13948133.1700001
"2786",278475,2020,15703345.39
"2787",278653,2020,18541896.02
"2788",279072,2020,-492885.540000021
"2789",279102,2020,31275284.69
"2790",279676,2020,22362070.59
"2791",279773,2020,25778280.37
"2792",279846,2020,-6266249.20999998
"2793",279943,2020,40378802.2500002
"2794",279978,2020,40876806.1800001
"2795",281859,2020,-31810422.6700001
"2796",281964,2020,2037478.72000003
"2797",282481,2020,17154884.83
"2798",282651,2020,-56697223.23
"2799",282707,2020,24092863.99
"2800",282979,2020,-29151093.9400001
"2801",283061,2020,32066073.48
"2802",283193,2020,-3819601.88999999
"2803",283347,2020,-43047447.24
"2804",283509,2020,-23100187.03
"2805",283924,2020,197260943
"2806",284165,2020,-8270177.91
"2807",284301,2020,45216286.24
"2808",284611,2020,33635432.92
"2809",284653,2020,18025823.47
"2810",284891,2020,48925948.7199998
"2811",285030,2020,16512254.39
"2812",285455,2020,27224655.3099999
"2813",286010,2020,310700151.669999
"2814",286745,2020,-11048230.29
"2815",287113,2020,13778735.93
"2816",287172,2020,18842812.88
"2817",287351,2020,44685574.22
"2818",288365,2020,19336589.64
"2819",288659,2020,174589320.99
"2820",289931,2020,-24040185.64
"2821",289965,2020,-8764825.04999995
"2822",290629,2020,-34650753.0700002
"2823",291463,2020,40554248.4100001
"2824",291471,2020,28107876.23
"2825",291676,2020,-18152079.3
"2826",292311,2020,41504081.79
"2827",292427,2020,9241760.82999992
"2828",293199,2020,14561412.83
"2829",293881,2020,-25444922.0799999
"2830",294136,2020,1983274.26999998
"2831",294900,2020,-5895379.98000002
"2832",295671,2020,10123684.46
"2833",295841,2020,64273052.4400001
"2834",295892,2020,20992509.97
"2835",296139,2020,-88093878.95
"2836",296317,2020,45130953.22
"2837",296643,2020,14629621.98
"2838",296651,2020,-2373141.06
"2839",296759,2020,20690952.31
"2840",297313,2020,39855523.3600001
"2841",297437,2020,38353992.4399999
"2842",297488,2020,80038511.2599993
"2843",297534,2020,26641391.9900002
"2844",297569,2020,115615868.85
"2845",297577,2020,61234515.1199999
"2846",297755,2020,-6509425.25
"2847",297852,2020,-4124242.69999999
"2848",298077,2020,6741865.02999997
"2849",298212,2020,-2834233.3499999
"2850",298221,2020,16114835.75
"2851",299138,2020,32871499.0199999
"2852",299308,2020,71275634.0899992
"2853",299529,2020,9480166.51999998
"2854",299634,2020,34368299.9599999
"2855",300063,2020,24829522.96
"2856",300292,2020,34183944.75
"2857",300535,2020,114415202
"2858",300870,2020,-6513029.35000002
"2859",301311,2020,43844933.1600001
"2860",301493,2020,16669946.7399999
"2861",301825,2020,144845648.86
"2862",302724,2020,37296900.9400001
"2863",303038,2020,17443006.4
"2864",303461,2020,27926050.03
"2865",303640,2020,-61483875.76
"2866",304271,2020,68337256.23
"2867",304387,2020,35763212.8800001
"2868",304450,2020,-40901940.0899999
"2869",845451,2020,-1662326.95999908
"2870",44992785,2020,-1805632821.77
