"","year","ico","lt_tangible_assets_CZK"
"1",2007,284653,149657750
"2",2007,293199,275976990
"3",2007,283193,392442790
"4",2007,289965,391215880
"5",2007,282979,330421540
"6",2007,259438,361338930
"7",2007,288365,370155640
"8",2007,235334,369418380
"9",2007,257966,389591550
"10",2007,291676,406440250
"11",2007,300292,472368280
"12",2007,279072,430737240
"13",2007,232963,420230650
"14",2007,282481,474997620
"15",2007,262781,534907080
"16",2007,258199,463139070
"17",2007,256455,474089080
"18",2007,262587,488201550
"19",2007,273571,501435120
"20",2007,264334,637716380
"21",2007,296759,499548870
"22",2007,301493,561664350
"23",2007,272523,596156860
"24",2007,257265,511546970
"25",2007,241121,561605930
"26",2007,300870,540382210
"27",2007,276111,572132110
"28",2007,256986,561737250
"29",2007,245551,551566600
"30",2007,286745,617372470
"31",2007,274101,618719940
"32",2007,268321,602507140
"33",2007,298221,658003090
"34",2007,300063,613052480
"35",2007,297755,636320010
"36",2007,289931,676343780
"37",2007,233242,634195770
"38",2007,292311,614973140
"39",2007,272876,631726030
"40",2007,275808,670562670
"41",2007,287113,645579470
"42",2007,284611,648768570
"43",2007,262633,628999710
"44",2007,248789,698637330
"45",2007,271888,740686470
"46",2007,246476,748286380
"47",2007,274879,691961430
"48",2007,281964,665865650
"49",2007,283347,741322800
"50",2007,248266,655658600
"51",2007,296651,733331900
"52",2007,249831,770798880
"53",2007,269247,1390889260
"54",2007,284165,734665860
"55",2007,271560,618675540
"56",2007,242098,757158420
"57",2007,283509,778845800
"58",2007,266230,768391980
"59",2007,282651,782100380
"60",2007,252921,823199750
"61",2007,285455,829020160
"62",2007,282707,808710490
"63",2007,267538,852539030
"64",2007,251984,840168410
"65",2007,287172,869200990
"66",2007,260177,1345817410
"67",2007,294900,855842440
"68",2007,253383,849556770
"69",2007,245941,872085330
"70",2007,265365,1051743970
"71",2007,279846,845993050
"72",2007,274968,833444400
"73",2007,238309,868835470
"74",2007,296317,906888460
"75",2007,302724,939448900
"76",2007,250996,880270220
"77",2007,281859,847367870
"78",2007,253901,894452100
"79",2007,243272,949976850
"80",2007,263991,858877860
"81",2007,260771,940336950
"82",2007,257125,960694440
"83",2007,239402,1008934040
"84",2007,279676,1115358920
"85",2007,255513,1109973430
"86",2007,303640,899193600
"87",2007,297437,958830870
"88",2007,261602,1107694150
"89",2007,232947,1267344380
"90",2007,284301,1261390560
"91",2007,299529,1157166990
"92",2007,304271,1174827790
"93",2007,279102,1192398700
"94",2007,297852,1228711300
"95",2007,279978,1258676060
"96",2007,278653,1263734740
"97",2007,245585,1263757360
"98",2007,250805,1182909300
"99",2007,237108,1267634520
"100",2007,303038,1245322450
"101",2007,295892,1434279820
"102",2007,277037,1262661060
"103",2007,261718,1274222640
"104",2007,294136,1334369470
"105",2007,299138,1264267610
"106",2007,270059,1313915900
"107",2007,285030,1334026720
"108",2007,279773,1340960900
"109",2007,295671,1343073100
"110",2007,265781,1346137820
"111",2007,265209,1401500280
"112",2007,277444,1625017920
"113",2007,299634,1409266390
"114",2007,236977,1407417940
"115",2007,237051,1583217030
"116",2007,292427,1466358620
"117",2007,301311,1388155720
"118",2007,297577,1492961980
"119",2007,233129,1768682880
"120",2007,276227,1537149860
"121",2007,272868,1621561080
"122",2007,231401,2213416680
"123",2007,239640,1610374890
"124",2007,244309,1647207900
"125",2007,272728,1574735420
"126",2007,239500,1713215470
"127",2007,278475,1661744440
"128",2007,254843,1764550120
"129",2007,277177,1474427650
"130",2007,275336,1721293400
"131",2007,256129,1688533980
"132",2007,301825,1997143690
"133",2007,277819,1771918790
"134",2007,240079,1834492740
"135",2007,279943,1832256200
"136",2007,254061,1870276630
"137",2007,304450,1849070760
"138",2007,276944,1845136870
"139",2007,261912,1753701370
"140",2007,298077,1848146400
"141",2007,297569,1994876480
"142",2007,248801,1927853110
"143",2007,266027,1876529570
"144",2007,236195,1871619270
"145",2007,247618,1962529800
"146",2007,267449,2295892900
"147",2007,259047,1986342870
"148",2007,234877,1894837410
"149",2007,240702,1812670060
"150",2007,287351,2083660900
"151",2007,236021,2075113740
"152",2007,296139,2130191500
"153",2007,245836,2350650580
"154",2007,271632,2089635220
"155",2007,291463,2044482880
"156",2007,295841,2346025100
"157",2007,303461,2244224410
"158",2007,283061,2118998560
"159",2007,259586,2175568480
"160",2007,250627,1996619560
"161",2007,263958,2594181200
"162",2007,270211,2326300090
"163",2007,253316,2322056700
"164",2007,298212,2330657060
"165",2007,246875,2599899250
"166",2007,260231,2573095060
"167",2007,293881,2692289770
"168",2007,278360,2835873920
"169",2007,297313,2643107840
"170",2007,296643,2912713230
"171",2007,255661,3049312820
"172",2007,251810,2954308650
"173",2007,253979,3204925840
"174",2007,291471,3140978500
"175",2007,266621,3340275510
"176",2007,284891,3153637170
"177",2007,290629,3069370990
"178",2007,261238,3230337790
"179",2007,304387,3267510050
"180",2007,297534,3389670760
"181",2007,260428,3394401300
"182",2007,288659,3909232080
"183",2007,249998,4263061200
"184",2007,253014,3671433680
"185",2007,243132,4166929020
"186",2007,261891,4195823100
"187",2007,262340,4341249490
"188",2007,286010,4514418340
"189",2007,81531,4724043770
"190",2007,238295,4728155540
"191",2007,234516,5186772960
"192",2007,297488,5500180940
"193",2007,300535,6293092090
"194",2007,235440,6441564320
"195",2007,266094,7387406590
"196",2007,268810,8377467640
"197",2007,244732,8759997900
"198",2007,283924,8576786030
"199",2007,254657,9275791580
"200",2007,274046,9767215120
"201",2007,299308,12308809530
"202",2007,262978,11682307890
"203",2007,75370,27283209720
"204",2007,845451,40692111260
"205",2007,44992785,55773866600
"206",2008,75370,29010635090
"207",2008,81531,4867072030
"208",2008,231401,2466230080
"209",2008,232947,1310320220
"210",2008,232963,454283780
"211",2008,233129,1840308150
"212",2008,233242,658591210
"213",2008,234516,5516521220
"214",2008,234877,1977956790
"215",2008,235334,408715310
"216",2008,235440,5655078580
"217",2008,236021,2233357780
"218",2008,236195,1928396700
"219",2008,236977,1441226040
"220",2008,237051,1667728900
"221",2008,237108,1331881550
"222",2008,238295,4601609580
"223",2008,238309,883025670
"224",2008,239402,1037785250
"225",2008,239500,1732387120
"226",2008,239640,1653313580
"227",2008,240079,2030483520
"228",2008,240702,1954785330
"229",2008,241121,575630300
"230",2008,242098,1420929410
"231",2008,243132,4279396850
"232",2008,243272,968980400
"233",2008,244309,1717170960
"234",2008,244732,9439245440
"235",2008,245551,556233720
"236",2008,245585,1252639420
"237",2008,245836,2352945010
"238",2008,245941,796755970
"239",2008,246476,774909960
"240",2008,246875,2678401020
"241",2008,247618,2047238640
"242",2008,248266,729144800
"243",2008,248789,737722630
"244",2008,248801,2092226540
"245",2008,249831,789535990
"246",2008,249998,4744301100
"247",2008,250627,2047152140
"248",2008,250805,1206572330
"249",2008,250996,915410280
"250",2008,251810,3004390660
"251",2008,251984,836661600
"252",2008,252921,823070850
"253",2008,253014,3767199170
"254",2008,253316,2395505140
"255",2008,253383,816142090
"256",2008,253901,878436420
"257",2008,253979,3345600280
"258",2008,254061,1974740820
"259",2008,254657,9681253640
"260",2008,254843,1866891230
"261",2008,255513,1124531310
"262",2008,255661,3396695060
"263",2008,256129,1704420290
"264",2008,256455,492109980
"265",2008,256986,575913840
"266",2008,257125,987048460
"267",2008,257265,541233720
"268",2008,257966,403593600
"269",2008,258199,491660390
"270",2008,259047,2070802930
"271",2008,259438,376614230
"272",2008,259586,2212869680
"273",2008,260177,1334882880
"274",2008,260231,2572450720
"275",2008,260428,3749952630
"276",2008,260771,1170971300
"277",2008,261238,3315646370
"278",2008,261602,1135713280
"279",2008,261718,1143264190
"280",2008,261891,3988260270
"281",2008,261912,1843868810
"282",2008,262340,4485925970
"283",2008,262587,505282550
"284",2008,262633,662177070
"285",2008,262781,604836020
"286",2008,262978,12181826750
"287",2008,263958,2650592700
"288",2008,263991,870719500
"289",2008,264334,553098230
"290",2008,265209,1450916960
"291",2008,265365,1045656230
"292",2008,265781,1415578280
"293",2008,266027,1945617550
"294",2008,266094,7524795600
"295",2008,266230,781286820
"296",2008,266621,3262504640
"297",2008,267449,2079664030
"298",2008,267538,873697130
"299",2008,268321,629412750
"300",2008,268810,8862042980
"301",2008,269247,1430913660
"302",2008,270059,1282476320
"303",2008,270211,2416656170
"304",2008,271560,639230670
"305",2008,271632,2271710850
"306",2008,271888,672741940
"307",2008,272523,613265170
"308",2008,272728,1581852040
"309",2008,272868,1617680260
"310",2008,272876,655139270
"311",2008,273571,511133350
"312",2008,274046,9808214810
"313",2008,274101,666287130
"314",2008,274879,694240960
"315",2008,274968,844925840
"316",2008,275336,1743649710
"317",2008,275808,690866990
"318",2008,276111,585736170
"319",2008,276227,1376032180
"320",2008,276944,1916563170
"321",2008,277037,1286686550
"322",2008,277177,1493711080
"323",2008,277444,1669482970
"324",2008,277819,2588232390
"325",2008,278360,2976651860
"326",2008,278475,1725557520
"327",2008,278653,1281059890
"328",2008,279072,715565570
"329",2008,279102,1207678010
"330",2008,279676,1142461090
"331",2008,279773,1414662840
"332",2008,279846,817504660
"333",2008,279943,1876676180
"334",2008,279978,1309608180
"335",2008,281859,875335110
"336",2008,281964,689088060
"337",2008,282481,486519230
"338",2008,282651,800331270
"339",2008,282707,839336750
"340",2008,282979,360014640
"341",2008,283061,2229396410
"342",2008,283193,371893210
"343",2008,283347,808048630
"344",2008,283509,616593410
"345",2008,283924,8882975490
"346",2008,284165,760561370
"347",2008,284301,1409032240
"348",2008,284611,653707550
"349",2008,284653,160095750
"350",2008,284891,2663389540
"351",2008,285030,1387403390
"352",2008,285455,941765420
"353",2008,286010,4851847180
"354",2008,286745,659991460
"355",2008,287113,694964580
"356",2008,287172,962878890
"357",2008,287351,2165965950
"358",2008,288365,414812270
"359",2008,288659,4151122810
"360",2008,289931,720603600
"361",2008,289965,387335470
"362",2008,290629,3310215460
"363",2008,291463,2141186360
"364",2008,291471,3169522290
"365",2008,291676,423005290
"366",2008,292311,658903030
"367",2008,292427,1431750130
"368",2008,293199,192292550
"369",2008,293881,2876676100
"370",2008,294136,1344922830
"371",2008,294900,852738340
"372",2008,295671,1303246360
"373",2008,295841,2337572710
"374",2008,295892,1457295110
"375",2008,296139,2222210970
"376",2008,296317,986376630
"377",2008,296643,3034556320
"378",2008,296651,760721240
"379",2008,296759,505164350
"380",2008,297313,2732435750
"381",2008,297437,1051813530
"382",2008,297488,4553277440
"383",2008,297534,4085639690
"384",2008,297569,2051792120
"385",2008,297577,1630673300
"386",2008,297755,670059120
"387",2008,297852,1250234620
"388",2008,298077,1791558730
"389",2008,298212,2338645400
"390",2008,298221,680351040
"391",2008,299138,1281806310
"392",2008,299308,12742295870
"393",2008,299529,1286152170
"394",2008,299634,1424725970
"395",2008,300063,646487830
"396",2008,300292,664673320
"397",2008,300535,6376192380
"398",2008,300870,554940110
"399",2008,301311,1407975290
"400",2008,301493,575554860
"401",2008,301825,3537594370
"402",2008,302724,1026078980
"403",2008,303038,1248522240
"404",2008,303461,2349373100
"405",2008,303640,915737890
"406",2008,304271,1228606680
"407",2008,304387,3300526420
"408",2008,304450,2004504950
"409",2008,845451,41248111610
"410",2008,44992785,57431784220
"411",2009,75370,31124808680
"412",2009,81531,5504113660
"413",2009,231401,2543000450
"414",2009,232947,1530291130
"415",2009,232963,518271610
"416",2009,233129,1858263760
"417",2009,233242,417905960
"418",2009,234516,5789755810
"419",2009,234877,2081913640
"420",2009,235334,402884170
"421",2009,235440,5678050250
"422",2009,236021,2311224150
"423",2009,236195,2085087310
"424",2009,236977,1434985410
"425",2009,237051,1851182890
"426",2009,237108,1287632920
"427",2009,238295,4644528770
"428",2009,238309,906766460
"429",2009,239402,1104061370
"430",2009,239500,1707385350
"431",2009,239640,1817708320
"432",2009,240079,2072569060
"433",2009,240702,2246087760
"434",2009,241121,602354000
"435",2009,242098,1145742520
"436",2009,243132,4441779160
"437",2009,243272,988158620
"438",2009,244309,1804811430
"439",2009,244732,10122940860
"440",2009,245551,508782020
"441",2009,245585,1186619760
"442",2009,245836,2372815520
"443",2009,245941,814183290
"444",2009,246476,830496220
"445",2009,246875,2910473070
"446",2009,247618,2167971570
"447",2009,248266,980313850
"448",2009,248789,803792550
"449",2009,248801,2266137660
"450",2009,249831,863646790
"451",2009,249998,4856835950
"452",2009,250627,2163624450
"453",2009,250805,1288901530
"454",2009,250996,726946420
"455",2009,251810,3211169530
"456",2009,251984,910737960
"457",2009,252921,850660990
"458",2009,253014,4156208100
"459",2009,253316,2527801320
"460",2009,253383,838962670
"461",2009,253901,874928970
"462",2009,253979,3556156130
"463",2009,254061,1949835760
"464",2009,254657,10015522930
"465",2009,254843,1919496150
"466",2009,255513,1133664140
"467",2009,255661,3571180550
"468",2009,256129,1839947020
"469",2009,256455,528142550
"470",2009,256986,611755110
"471",2009,257125,1054520090
"472",2009,257265,544235530
"473",2009,257966,418061590
"474",2009,258199,495271020
"475",2009,259047,2225050600
"476",2009,259438,332811750
"477",2009,259586,2407796490
"478",2009,260177,1324565400
"479",2009,260231,2624702090
"480",2009,260428,3178729540
"481",2009,260771,1202940930
"482",2009,261238,3437063790
"483",2009,261602,1157150550
"484",2009,261718,1239524130
"485",2009,261891,4036548400
"486",2009,261912,2002622550
"487",2009,262340,4762700100
"488",2009,262587,536368220
"489",2009,262633,676300600
"490",2009,262781,620040730
"491",2009,262978,12143394300
"492",2009,263958,2858419780
"493",2009,263991,925709550
"494",2009,264334,892678600
"495",2009,265209,1541886930
"496",2009,265365,1050792600
"497",2009,265781,1499527700
"498",2009,266027,2075826680
"499",2009,266094,7668715200
"500",2009,266230,987795530
"501",2009,266621,3408603480
"502",2009,267449,2209867270
"503",2009,267538,762209960
"504",2009,268321,688183650
"505",2009,268810,9188540360
"506",2009,269247,1561623580
"507",2009,270059,1174286600
"508",2009,270211,2529601380
"509",2009,271560,734655100
"510",2009,271632,2415704480
"511",2009,271888,688693870
"512",2009,272523,660809780
"513",2009,272728,1863725280
"514",2009,272868,1751692670
"515",2009,272876,739559390
"516",2009,273571,540924790
"517",2009,274046,10182187190
"518",2009,274101,743694440
"519",2009,274879,728859120
"520",2009,274968,837349950
"521",2009,275336,1861091620
"522",2009,275808,572157490
"523",2009,276111,610584190
"524",2009,276227,1063501450
"525",2009,276944,1968500110
"526",2009,277037,1289604020
"527",2009,277177,1521296550
"528",2009,277444,1631208290
"529",2009,277819,2656940590
"530",2009,278360,3049195080
"531",2009,278475,2051649990
"532",2009,278653,1435451750
"533",2009,279072,815052340
"534",2009,279102,1223975600
"535",2009,279676,1000593810
"536",2009,279773,1606658050
"537",2009,279846,836372130
"538",2009,279943,2027062320
"539",2009,279978,1381274310
"540",2009,281859,895519560
"541",2009,281964,770008790
"542",2009,282481,474269820
"543",2009,282651,828449160
"544",2009,282707,725408900
"545",2009,282979,365054660
"546",2009,283061,2283082010
"547",2009,283193,466898890
"548",2009,283347,874768450
"549",2009,283509,647617330
"550",2009,283924,8749502680
"551",2009,284165,643356010
"552",2009,284301,1468329540
"553",2009,284611,675353240
"554",2009,284653,155363310
"555",2009,284891,2532487610
"556",2009,285030,1443019630
"557",2009,285455,1068637140
"558",2009,286010,5117475350
"559",2009,286745,752871530
"560",2009,287113,798166050
"561",2009,287172,1102397100
"562",2009,287351,2308320800
"563",2009,288365,417269260
"564",2009,288659,4351989420
"565",2009,289931,736874840
"566",2009,289965,351415800
"567",2009,290629,3374245530
"568",2009,291463,2241688970
"569",2009,291471,3315124160
"570",2009,291676,445679990
"571",2009,292311,712792670
"572",2009,292427,1538462660
"573",2009,293199,192068060
"574",2009,293881,3076198780
"575",2009,294136,1486667250
"576",2009,294900,886310280
"577",2009,295671,1321469240
"578",2009,295841,2477156770
"579",2009,295892,1464996310
"580",2009,296139,2355911950
"581",2009,296317,1195698930
"582",2009,296643,3301663070
"583",2009,296651,806055380
"584",2009,296759,528781700
"585",2009,297313,2803454230
"586",2009,297437,1097636220
"587",2009,297488,4751993240
"588",2009,297534,4673435210
"589",2009,297569,2143767510
"590",2009,297577,1770415390
"591",2009,297755,686297420
"592",2009,297852,1391135220
"593",2009,298077,1868799310
"594",2009,298212,1990479210
"595",2009,298221,690671230
"596",2009,299138,1314945930
"597",2009,299308,13053043430
"598",2009,299529,1259105070
"599",2009,299634,1548660720
"600",2009,300063,658785140
"601",2009,300292,833917580
"602",2009,300535,6898568550
"603",2009,300870,584809970
"604",2009,301311,1414259320
"605",2009,301493,581051130
"606",2009,301825,3550671990
"607",2009,302724,762133620
"608",2009,303038,1296072540
"609",2009,303461,2583880650
"610",2009,303640,987791890
"611",2009,304271,1285008830
"612",2009,304387,3304682420
"613",2009,304450,2046863080
"614",2009,845451,43543061790
"615",2009,44992785,60963776790
"616",2010,279943,1975273000
"617",2010,279978,1353594000
"618",2010,44992785,60997810000
"619",2010,282979,399192000
"620",2010,283509,636435000
"621",2010,282707,726931000
"622",2010,282651,792127000
"623",2010,281859,887737000
"624",2010,281964,872269000
"625",2010,283061,2356603000
"626",2010,283347,843786000
"627",2010,283193,466386000
"628",2010,282481,447305000
"629",2010,285455,1125273000
"630",2010,285030,1435097000
"631",2010,284891,2516484000
"632",2010,292311,729246000
"633",2010,292427,1578136000
"634",2010,291676,454206000
"635",2010,293881,3600799000
"636",2010,293199,237923000
"637",2010,284301,1451674000
"638",2010,284611,664566870
"639",2010,284653,95684000
"640",2010,284165,1354774000
"641",2010,283924,9133090370
"642",2010,287113,814999740
"643",2010,287351,2282579250
"644",2010,291463,2388153000
"645",2010,291471,3526522000
"646",2010,287172,1161430000
"647",2010,304450,2042713680
"648",2010,304387,3225908110
"649",2010,269247,1571861000
"650",2010,304271,980167950
"651",2010,268810,9519945000
"652",2010,271560,891490000
"653",2010,271632,2694404000
"654",2010,271888,676003000
"655",2010,272868,1829776000
"656",2010,272876,850683000
"657",2010,272523,673777000
"658",2010,272728,1868097000
"659",2010,274968,820549000
"660",2010,274879,789098000
"661",2010,275336,1910870000
"662",2010,277819,2704661000
"663",2010,278360,3229096000
"664",2010,278475,2357302000
"665",2010,248266,1038080000
"666",2010,248789,848171000
"667",2010,248801,2299054000
"668",2010,267449,2379444000
"669",2010,267538,775229000
"670",2010,268321,771928000
"671",2010,286745,862585060
"672",2010,286010,5367492000
"673",2010,289931,687183000
"674",2010,289965,430710000
"675",2010,290629,3555663000
"676",2010,295841,2521960000
"677",2010,295671,1324101000
"678",2010,294136,1559363000
"679",2010,294900,792947000
"680",2010,270059,1132655000
"681",2010,270211,2701948000
"682",2010,273571,564304000
"683",2010,276944,2076953000
"684",2010,278653,1573264000
"685",2010,279676,1150175000
"686",2010,279072,877266000
"687",2010,279846,862744000
"688",2010,277177,1560883000
"689",2010,277444,1636503000
"690",2010,274046,10642835000
"691",2010,277037,1414383000
"692",2010,274101,758361000
"693",2010,279102,1243429000
"694",2010,288659,4514710440
"695",2010,288365,411870870
"696",2010,299529,1167772380
"697",2010,279773,1693732000
"698",2010,301825,3536599580
"699",2010,303038,1287430000
"700",2010,303640,1029968000
"701",2010,299634,1612679180
"702",2010,301311,1382323000
"703",2010,299138,1391758180
"704",2010,301493,578403730
"705",2010,299308,13369917000
"706",2010,303461,2627745250
"707",2010,302724,818827630
"708",2010,297577,1809374240
"709",2010,297569,2218317380
"710",2010,297437,1388158940
"711",2010,295892,1482632320
"712",2010,296643,3526803700
"713",2010,296317,1279409740
"714",2010,296651,755142440
"715",2010,296759,591008160
"716",2010,296139,2603513250
"717",2010,297313,2911884960
"718",2010,845451,44261677200
"719",2010,300535,7079470300
"720",2010,300292,841556810
"721",2010,298212,2023114000
"722",2010,298221,819124580
"723",2010,297534,4606011000
"724",2010,297488,4882980500
"725",2010,298077,1947843970
"726",2010,297852,1393525000
"727",2010,300870,589110980
"728",2010,300063,726121620
"729",2010,297755,693056860
"730",2010,253901,961541000
"731",2010,253979,3433662460
"732",2010,254061,1895671960
"733",2010,254843,2039068450
"734",2010,254657,10063327640
"735",2010,259438,293082000
"736",2010,259586,2495159000
"737",2010,260428,3392324000
"738",2010,262340,4906911000
"739",2010,260771,1221424000
"740",2010,262587,549499000
"741",2010,262781,719629000
"742",2010,262633,685545000
"743",2010,262978,12224497000
"744",2010,275808,592524350
"745",2010,276227,1043836840
"746",2010,276111,686888000
"747",2010,261718,1217817000
"748",2010,261602,1190756000
"749",2010,261238,3535761000
"750",2010,261912,2179862000
"751",2010,261891,4789596000
"752",2010,264334,709036000
"753",2010,263958,2903735000
"754",2010,263991,987084000
"755",2010,265209,1461299000
"756",2010,265365,972313000
"757",2010,265781,1685440000
"758",2010,266027,2169599000
"759",2010,266230,1047100000
"760",2010,266094,7773932000
"761",2010,266621,2492557000
"762",2010,81531,5657633000
"763",2010,253316,2809218000
"764",2010,253383,834320860
"765",2010,255513,1184701000
"766",2010,255661,3707772000
"767",2010,75370,32030062000
"768",2010,256129,1853052000
"769",2010,256455,563967000
"770",2010,257125,1066398000
"771",2010,257265,557231000
"772",2010,257966,425812000
"773",2010,258199,479306000
"774",2010,256986,621797000
"775",2010,259047,1951958000
"776",2010,260177,1327375000
"777",2010,260231,2691540000
"778",2010,245585,1156105210
"779",2010,245836,2405626000
"780",2010,245941,836165000
"781",2010,245551,522101000
"782",2010,244732,11103600810
"783",2010,246476,856624000
"784",2010,246875,3044053000
"785",2010,249831,902228160
"786",2010,249998,5010450000
"787",2010,247618,2376117700
"788",2010,250627,2213599250
"789",2010,250805,1330176650
"790",2010,251984,924322110
"791",2010,232947,1611149000
"792",2010,232963,522903000
"793",2010,231401,2649051140
"794",2010,233129,1951793000
"795",2010,233242,438456980
"796",2010,253014,4189762940
"797",2010,252921,879847000
"798",2010,251810,3592216000
"799",2010,250996,735909090
"800",2010,235334,422057650
"801",2010,234516,6402304000
"802",2010,234877,2208266000
"803",2010,236021,2459124000
"804",2010,236195,2008065000
"805",2010,235440,5532408400
"806",2010,238309,904263000
"807",2010,236977,1483075720
"808",2010,237051,1890826000
"809",2010,237108,1303189900
"810",2010,239500,1842416830
"811",2010,238295,4728488000
"812",2010,239402,1165829000
"813",2010,241121,611309210
"814",2010,239640,1891680000
"815",2010,240079,2170836450
"816",2010,240702,2378898710
"817",2010,243132,4418506000
"818",2010,243272,988309000
"819",2010,244309,1837781050
"820",2010,242098,1160312000
"821",2011,236977,1190111384.38
"822",2011,237051,2616067629.93
"823",2011,237108,1042581271.2
"824",2011,236195,1856654039.21
"825",2011,236021,2300452510.73
"826",2011,233242,302822476.81
"827",2011,233129,1577737724.32
"828",2011,232947,1063067104.53
"829",2011,232963,413689489.14
"830",2011,239402,1001977699.27
"831",2011,239500,1386684172.45
"832",2011,231401,3140683693.78
"833",2011,239640,1616136995.87
"834",2011,235334,359558024.89
"835",2011,235440,5557257254.78
"836",2011,241121,564096198.1
"837",2011,238309,790042908.2
"838",2011,238295,3868546670.4
"839",2011,234877,1930799292.86
"840",2011,240079,1871507741.81
"841",2011,240702,1938473074.89
"842",2011,234516,5586883770.3
"843",2011,245836,1521550480.69
"844",2011,245941,661421447.68
"845",2011,244309,1596038994.7
"846",2011,249831,726498679.63
"847",2011,249998,4094123939.55
"848",2011,250627,1690579361.33
"849",2011,250805,1042013099.95
"850",2011,246476,604786629.67
"851",2011,247618,1880605976.7
"852",2011,246875,2524489547.45
"853",2011,253383,746074637.89
"854",2011,253316,2778544695.81
"855",2011,243132,3282181584.51
"856",2011,243272,899102455.98
"857",2011,251984,687230740.53
"858",2011,242098,930682251.66
"859",2011,245585,797328257.75
"860",2011,251810,2945996995.48
"861",2011,250996,478683970.57
"862",2011,245551,426355918.07
"863",2011,244732,9259581497.9
"864",2011,253014,3840820904.66
"865",2011,252921,769544180.48
"866",2011,257265,457260275.16
"867",2011,256455,471564143.98
"868",2011,257125,752813607.3
"869",2011,256986,557567754.31
"870",2011,75370,23002329957.76
"871",2011,255513,903203416.57
"872",2011,255661,2793579441.93
"873",2011,256129,1435054499.64
"874",2011,260177,991963944.71
"875",2011,260231,2451816854.06
"876",2011,259047,1632835244.01
"877",2011,257966,339027101.33
"878",2011,258199,425362590.83
"879",2011,253979,2825896002.31
"880",2011,254061,1577324617.48
"881",2011,253901,624362167.99
"882",2011,259586,1742053422
"883",2011,259438,242644038.62
"884",2011,254843,1768451585.2
"885",2011,254657,9976902449.97
"886",2011,266094,5953131865.88
"887",2011,266027,1608174062.61
"888",2011,266230,681658778.24
"889",2011,261912,1917836898.86
"890",2011,261891,3976009821.35
"891",2011,261602,796273219.9
"892",2011,261718,922289114.66
"893",2011,265781,1337200268.54
"894",2011,261238,3775789268.01
"895",2011,265209,1063637198.36
"896",2011,265365,742293526.89
"897",2011,266621,1665377768
"898",2011,81531,3618396848.17
"899",2011,263958,2275718357.05
"900",2011,264334,596729465.19
"901",2011,262340,3856286346.73
"902",2011,262587,399858084.38
"903",2011,260428,2981218243.89
"904",2011,262633,486582122.68
"905",2011,263991,745260963.62
"906",2011,262781,577978589.27
"907",2011,260771,945098127.63
"908",2011,262978,10036326180.84
"909",2011,271560,824428042.25
"910",2011,271632,2289711001.57
"911",2011,271888,551066312.06
"912",2011,275336,1453719279.02
"913",2011,275808,475179680.52
"914",2011,276111,461009102.57
"915",2011,276227,1029235876.59
"916",2011,274879,668925886.67
"917",2011,274968,569640816.12
"918",2011,278475,2100009711.72
"919",2011,277819,2253653065.74
"920",2011,272728,1761403944.91
"921",2011,278360,2245921548.45
"922",2011,268810,7997443052.4
"923",2011,272523,499583110.59
"924",2011,272868,1530120625.24
"925",2011,272876,690597931.68
"926",2011,269247,1055436639.23
"927",2011,273571,418731337.27
"928",2011,274101,632999458.61
"929",2011,270059,1012556253.35
"930",2011,270211,2230890970.3
"931",2011,274046,8442314816.27
"932",2011,277037,1225263652.85
"933",2011,277177,1484554706.57
"934",2011,277444,1319779208.87
"935",2011,267538,656460584.51
"936",2011,267449,2030557706.66
"937",2011,268321,628801899.23
"938",2011,248789,816228635.72
"939",2011,276944,1733448779.64
"940",2011,248266,814482513.65
"941",2011,279676,1088900051.69
"942",2011,248801,1955194999.74
"943",2011,279846,603516772.72
"944",2011,279072,648607353
"945",2011,278653,1308626848.33
"946",2011,279773,1247801101.33
"947",2011,286745,853402573.29
"948",2011,286010,4806358990.91
"949",2011,295841,1883544437.58
"950",2011,295671,1020480056.72
"951",2011,279978,1117524034.59
"952",2011,279943,1548179392.77
"953",2011,294136,1376426965.22
"954",2011,279102,1018992879.56
"955",2011,302724,729678572.25
"956",2011,294900,537745471.53
"957",2011,44992785,45100304060.47
"958",2011,283061,1743280364.97
"959",2011,289931,561849604.86
"960",2011,289965,366858965.81
"961",2011,290629,2868499665.39
"962",2011,283347,735267704.49
"963",2011,283193,415171221.85
"964",2011,287113,643466649.9
"965",2011,299138,1034665903.43
"966",2011,299634,1454328523.63
"967",2011,303461,2038063168.92
"968",2011,287351,1792358005.19
"969",2011,303038,866126869.49
"970",2011,303640,683962252.42
"971",2011,299308,12830009766.29
"972",2011,299529,1027071215.45
"973",2011,292311,636643880.5
"974",2011,291676,487789118.78
"975",2011,292427,1285990708.18
"976",2011,285030,899782870.93
"977",2011,284891,1905443358.6
"978",2011,285455,1054190003.01
"979",2011,282707,565547321.48
"980",2011,281859,726857135.31
"981",2011,282979,255207418.94
"982",2011,281964,751760167.37
"983",2011,282651,605443133.66
"984",2011,283509,503795726.59
"985",2011,293199,217666643.66
"986",2011,293881,2485971933.77
"987",2011,287172,842514966.76
"988",2011,304450,1763929837.36
"989",2011,288659,3651819988.58
"990",2011,288365,382869731.1
"991",2011,282481,319207876.47
"992",2011,301825,2232592013.42
"993",2011,301311,973516257.61
"994",2011,301493,457647162.84
"995",2011,304387,2286045940.29
"996",2011,304271,758081994.71
"997",2011,291463,1979030200.12
"998",2011,291471,2820798474.79
"999",2011,296317,966236965.12
"1000",2011,283924,7928332490.71
"1001",2011,295892,1085283763.01
"1002",2011,284653,84870929
"1003",2011,284165,1304080492.4
"1004",2011,284301,1326924003.49
"1005",2011,284611,561078118.53
"1006",2011,297437,1177100193.83
"1007",2011,297577,1161746901.4
"1008",2011,296139,2041222116.88
"1009",2011,297569,1511135583.65
"1010",2011,845451,36400139457.41
"1011",2011,298077,1595923330.97
"1012",2011,297534,3675543100.13
"1013",2011,298212,1554273761.93
"1014",2011,297488,3705910406.45
"1015",2011,298221,761523257.95
"1016",2011,297313,2539570486.29
"1017",2011,297852,870081409.56
"1018",2011,296651,442382060.96
"1019",2011,297755,469878582.71
"1020",2011,296759,493667555.37
"1021",2011,296643,2759504347.33
"1022",2011,300292,722649284.57
"1023",2011,300535,5895462051.91
"1024",2011,300063,551818990.04
"1025",2011,300870,480554576.74
"1026",2012,236021,2126560541.47
"1027",2012,236195,1849012467.49
"1028",2012,235334,418676447.58
"1029",2012,233242,342608469.74
"1030",2012,233129,1573729221.14
"1031",2012,235440,5490638486.64
"1032",2012,232947,1129829175.03
"1033",2012,232963,426480241.68
"1034",2012,231401,3195625100.93
"1035",2012,234877,1965691728.33
"1036",2012,234516,5571449212.24
"1037",2012,236977,1240346615.62
"1038",2012,237051,2529354101.75
"1039",2012,237108,1073183349.41
"1040",2012,239402,1123464469.76
"1041",2012,239500,1387885557.89
"1042",2012,239640,1666716007.93
"1043",2012,238309,850158000.62
"1044",2012,238295,3934746501.9
"1045",2012,245836,1487088836.42
"1046",2012,245941,694230430.55
"1047",2012,244309,1626343493.4
"1048",2012,249831,725988061.76
"1049",2012,249998,4222305380.54
"1050",2012,241121,611353534.64
"1051",2012,250627,1691722280.77
"1052",2012,250805,1003692199.57
"1053",2012,246476,605888196.17
"1054",2012,246875,2424230816.51
"1055",2012,247618,2037476117.65
"1056",2012,243132,3396066396.55
"1057",2012,243272,872079759.07
"1058",2012,240702,1967220911.12
"1059",2012,240079,1908507618.29
"1060",2012,242098,808109187.43
"1061",2012,245585,772994088.83
"1062",2012,259047,1703948308.78
"1063",2012,245551,439238970.79
"1064",2012,244732,9569399850.65
"1065",2012,75370,24299624976.57
"1066",2012,253383,763711476.23
"1067",2012,253316,2951408663.74
"1068",2012,251984,684606652.98
"1069",2012,256129,1530881608.32
"1070",2012,256455,488880264.75
"1071",2012,257125,798779589.37
"1072",2012,257265,453552993.79
"1073",2012,255513,943713319.11
"1074",2012,255661,2844537883.64
"1075",2012,260177,1009992990.69
"1076",2012,260231,2456954198.79
"1077",2012,251810,3162478999.35
"1078",2012,250996,506914650.97
"1079",2012,266027,1744914836.66
"1080",2012,254061,1480018428.23
"1081",2012,256986,569526357.91
"1082",2012,253979,2878039370.51
"1083",2012,253014,3931742616.19
"1084",2012,252921,809758516.3
"1085",2012,253901,609445239.3
"1086",2012,257966,339879567.92
"1087",2012,258199,437187577.43
"1088",2012,261891,4357496422.67
"1089",2012,254843,1828852942.26
"1090",2012,261602,788471377.15
"1091",2012,259438,235766141.82
"1092",2012,259586,1738720748.45
"1093",2012,266094,6692168713.27
"1094",2012,261912,1977991082.57
"1095",2012,254657,9968862019.69
"1096",2012,261718,1028258413.37
"1097",2012,265209,1047128060.04
"1098",2012,265365,746067317.76
"1099",2012,265781,1414456692.8
"1100",2012,261238,3840367496.28
"1101",2012,266230,735933912.17
"1102",2012,262587,431421191.25
"1103",2012,262340,3837852163.55
"1104",2012,81531,3772578625.06
"1105",2012,266621,1989110902
"1106",2012,263991,735257944.54
"1107",2012,264334,579520002.83
"1108",2012,263958,2275008531.94
"1109",2012,260771,955662084.86
"1110",2012,262633,493961528.04
"1111",2012,260428,2990296567.75
"1112",2012,262781,618422966.87
"1113",2012,276227,1015785982.6
"1114",2012,276111,472473045.55
"1115",2012,275808,479454269.63
"1116",2012,269247,1030529833.05
"1117",2012,262978,10337700887.47
"1118",2012,271632,2357784167.21
"1119",2012,271888,610324813.26
"1120",2012,268810,8095609093.16
"1121",2012,271560,823312621.03
"1122",2012,272728,1210400836.05
"1123",2012,272876,694912597.02
"1124",2012,272523,541265275.31
"1125",2012,272868,1539636199.96
"1126",2012,275336,1449797464.67
"1127",2012,274879,694306065.31
"1128",2012,274968,578072612.12
"1129",2012,278475,2140625410.94
"1130",2012,278360,2204456207.15
"1131",2012,277819,2251587926.44
"1132",2012,270211,2301639955.99
"1133",2012,270059,1028573813.19
"1134",2012,274101,622084041.18
"1135",2012,273571,438227848.28
"1136",2012,274046,8406306663.03
"1137",2012,277177,1515443832.13
"1138",2012,277444,1315616621.17
"1139",2012,277037,1338670073.96
"1140",2012,267449,1882931664.81
"1141",2012,267538,678567518.76
"1142",2012,248801,2038717833.08
"1143",2012,248266,835275692.72
"1144",2012,268321,661885856.38
"1145",2012,248789,819631802.72
"1146",2012,276944,1855043068.32
"1147",2012,290629,2927954185.57
"1148",2012,279102,1064028768.02
"1149",2012,289931,589944050.67
"1150",2012,289965,351219020.23
"1151",2012,279773,1224786602.24
"1152",2012,279676,922593972.79
"1153",2012,279846,605375225.53
"1154",2012,286010,5252724943.03
"1155",2012,279072,689340315.92
"1156",2012,278653,1303736906.52
"1157",2012,286745,855543773.61
"1158",2012,283061,1774638776.17
"1159",2012,283347,649999499.53
"1160",2012,283193,450002658.7
"1161",2012,279978,1105130993.99
"1162",2012,279943,1594524567.27
"1163",2012,295841,1982830473.83
"1164",2012,295671,1036177663.89
"1165",2012,294136,1397198056.51
"1166",2012,285030,900429657.05
"1167",2012,284891,1894818183.03
"1168",2012,285455,1099872259.5
"1169",2012,294900,553811005.75
"1170",2012,291676,494247670.22
"1171",2012,44992785,46214755234.83
"1172",2012,293881,2576481698.71
"1173",2012,293199,220410102.56
"1174",2012,292427,1172962269.77
"1175",2012,292311,650988048.35
"1176",2012,302724,693286991.82
"1177",2012,282481,310580907.62
"1178",2012,282979,285084971.8
"1179",2012,281964,753651988.13
"1180",2012,282651,601016910.29
"1181",2012,283509,514300689.65
"1182",2012,282707,586117709.13
"1183",2012,281859,734523339.81
"1184",2012,303038,912327416.95
"1185",2012,303640,678061994.36
"1186",2012,299138,1031918707.66
"1187",2012,301311,1036521340.35
"1188",2012,299634,1466430680.53
"1189",2012,301493,476175792.53
"1190",2012,303461,2125872274.81
"1191",2012,299308,13056276868.86
"1192",2012,299529,1026037037.19
"1193",2012,288659,3653462419.4
"1194",2012,288365,375065565.41
"1195",2012,301825,2280685105.4
"1196",2012,304450,1815903561.31
"1197",2012,304387,2286952084.78
"1198",2012,287351,1787249288.42
"1199",2012,304271,745282750.37
"1200",2012,287113,655456542.53
"1201",2012,284301,1425421075.2
"1202",2012,284611,539385282.82
"1203",2012,284653,141166157.42
"1204",2012,284165,1260758513.08
"1205",2012,291463,2176469192.65
"1206",2012,291471,2917285210.51
"1207",2012,287172,930040578.55
"1208",2012,283924,7963022835.85
"1209",2012,295892,1116889806.18
"1210",2012,296317,1007552462.97
"1211",2012,297534,3710537037.87
"1212",2012,297488,4184501026.08
"1213",2012,296139,1788383713.32
"1214",2012,297569,1535090971.65
"1215",2012,297437,1140816317.43
"1216",2012,297577,1244463465.78
"1217",2012,845451,37456693358.64
"1218",2012,296651,456139404.35
"1219",2012,296759,480713742.42
"1220",2012,297852,873938837.45
"1221",2012,297313,2589030088.84
"1222",2012,297755,490521353.04
"1223",2012,298077,1546623828.63
"1224",2012,298212,1855541472.56
"1225",2012,298221,772382962.09
"1226",2012,300063,539724730.34
"1227",2012,296643,2697928101.75
"1228",2012,300870,482298424.36
"1229",2012,300535,5956825616.81
"1230",2012,300292,714616254.2
"1231",2013,233129,1553804644.21
"1232",2013,232947,1231337075.04
"1233",2013,232963,432282272.18
"1234",2013,234877,2012096649.35
"1235",2013,231401,3308183111.94
"1236",2013,233242,380771352.36
"1237",2013,235334,407607982.57
"1238",2013,235440,5486866378.29
"1239",2013,236021,2051862808.74
"1240",2013,236195,1843627448.79
"1241",2013,234516,5780060295.12
"1242",2013,238295,3910279855.76
"1243",2013,236977,1335147907.07
"1244",2013,237051,2287110224.58
"1245",2013,237108,1098323729.04
"1246",2013,238309,782169695.75
"1247",2013,239402,1143771730.21
"1248",2013,239500,1351060823.98
"1249",2013,240079,1957636617.04
"1250",2013,240702,2054663344.22
"1251",2013,239640,1729652525.14
"1252",2013,241121,592762173.49
"1253",2013,242098,831947014.27
"1254",2013,244309,1644327255.36
"1255",2013,243132,3509400868.85
"1256",2013,243272,864114812.65
"1257",2013,245585,755353671.71
"1258",2013,247618,2199946945.07
"1259",2013,244732,8677485656.68
"1260",2013,246875,2472738231.72
"1261",2013,245551,393528721.24
"1262",2013,246476,600112394.57
"1263",2013,245836,1494552660.76
"1264",2013,245941,721966087.85
"1265",2013,249831,721084822.68
"1266",2013,249998,4310313949.59
"1267",2013,250627,1710811252.15
"1268",2013,250805,1047430215.65
"1269",2013,251984,693618600.73
"1270",2013,251810,3050839601.83
"1271",2013,250996,574880840.52
"1272",2013,252921,807248260.74
"1273",2013,253383,762025805.07
"1274",2013,254061,1446491131.8
"1275",2013,253901,637269964.5
"1276",2013,253979,3055339898.38
"1277",2013,254843,1928354694.76
"1278",2013,253316,3013733722.44
"1279",2013,253014,4171079283.25
"1280",2013,256129,1587769647.59
"1281",2013,75370,25421226771.94
"1282",2013,254657,9756221274.34
"1283",2013,255513,956275249.16
"1284",2013,255661,2865535171.28
"1285",2013,256455,491631636.68
"1286",2013,257125,869885113.77
"1287",2013,257265,452472184.26
"1288",2013,259047,1749362412.18
"1289",2013,256986,578710276.69
"1290",2013,257966,370499505.45
"1291",2013,258199,427447860.05
"1292",2013,260177,1043680201.81
"1293",2013,260231,2452919941.69
"1294",2013,259438,239348894.03
"1295",2013,259586,1786741218.8
"1296",2013,261238,3834456937.35
"1297",2013,263958,2315008141.34
"1298",2013,261912,2019592346.43
"1299",2013,261891,4416443630.14
"1300",2013,264334,563886745.89
"1301",2013,261602,819781007.67
"1302",2013,261718,1050211463.13
"1303",2013,263991,769174292.78
"1304",2013,266094,6466788160.43
"1305",2013,266230,770731091.93
"1306",2013,265209,1041201411.18
"1307",2013,265365,760969727.32
"1308",2013,265781,1426871790.13
"1309",2013,266027,1798536362.08
"1310",2013,266621,1992325613
"1311",2013,81531,3714016043.45
"1312",2014,253901,728556704.04
"1313",2014,253979,3074260445.99
"1314",2014,254061,1462166139.71
"1315",2014,254843,2002388549.75
"1316",2014,254657,9777357625.23
"1317",2014,259438,247220226.75
"1318",2014,259586,1959418270.11
"1319",2014,260428,3080582771
"1320",2014,260771,997647500.72
"1321",2014,262340,3811475146.01
"1322",2014,262587,437592359.53
"1323",2014,262633,587341011.46
"1324",2014,262781,613878870.9
"1325",2014,262978,10293086507.05
"1326",2014,275808,540804693.6
"1327",2014,276227,977410949.4
"1328",2014,276111,493265840.18
"1329",2014,261718,1093221223.38
"1330",2014,261602,866349352.97
"1331",2014,261238,3921756064.09
"1332",2014,261912,2088892849.16
"1333",2014,261891,4444732246.15
"1334",2014,263958,2431142278.97
"1335",2014,264334,598743878.47
"1336",2014,263991,839388398.68
"1337",2014,265781,1442830897.19
"1338",2014,265209,1139183943.12
"1339",2014,265365,767782260.6
"1340",2014,266027,1868426935.72
"1341",2014,266094,6474558577.25
"1342",2014,266230,845639044.8
"1343",2014,266621,2032338471
"1344",2014,81531,3813308380.26
"1345",2014,245585,835801701.53
"1346",2014,245836,1562691645.12
"1347",2014,245941,801241439.65
"1348",2014,245551,410475889.45
"1349",2014,244732,8934883961.15
"1350",2014,246476,626325606.56
"1351",2014,246875,2556982946.46
"1352",2014,249831,764310134.95
"1353",2014,249998,4338968878.22
"1354",2014,247618,2184377230.03
"1355",2014,250805,1102728389.75
"1356",2014,250627,1755285103.37
"1357",2014,251984,711990857.43
"1358",2014,250996,541682991.74
"1359",2014,251810,3159708233.5
"1360",2014,253383,765066282.34
"1361",2014,252921,812128319.86
"1362",2014,253014,4527714929.91
"1363",2014,253316,3045412624.35
"1364",2014,257966,406567139.37
"1365",2014,256986,591281463.02
"1366",2014,258199,439648538.57
"1367",2014,256129,1669703719.67
"1368",2014,255513,972593844.72
"1369",2014,255661,3021744654.69
"1370",2014,75370,26961230310.4
"1371",2014,256455,514160725.62
"1372",2014,257125,858498219.28
"1373",2014,257265,458448604.02
"1374",2014,231401,3588387574.73
"1375",2014,233242,387450812.83
"1376",2014,259047,1808173255.08
"1377",2014,260177,1004566705.26
"1378",2014,260231,2564593808.37
"1379",2014,232947,1365460485.19
"1380",2014,232963,511073734.37
"1381",2014,234877,2031440954.78
"1382",2014,233129,1609476035.39
"1383",2014,235440,5581137896.27
"1384",2014,235334,731048384.95
"1385",2014,234516,6143515729.97
"1386",2014,236977,1397131844
"1387",2014,237051,2307457066.18
"1388",2014,237108,1194996216.28
"1389",2014,236021,2073487498.08
"1390",2014,236195,1837163305.77
"1391",2014,239500,1400079254.55
"1392",2014,238295,4279860847.02
"1393",2014,239402,1165830519.2
"1394",2014,238309,790854638.44
"1395",2014,240702,2124682273.72
"1396",2014,240079,1974849048.69
"1397",2014,239640,1861278825
"1398",2014,241121,635433983.95
"1399",2014,244309,1611978080.66
"1400",2014,242098,826628198.19
"1401",2014,243132,3488604204.96
"1402",2014,243272,1121302419.84
"1403",2015,253901,801067776.96
"1404",2015,253979,3254428871.37
"1405",2015,254061,1476267973.23
"1406",2015,254843,2081742672.65
"1407",2015,254657,9938366370.68
"1408",2015,259438,246117365.32
"1409",2015,259586,2033843567.09
"1410",2015,260428,3081106711.49
"1411",2015,262340,3874397459.88
"1412",2015,260771,1001703366.49
"1413",2015,262587,441348573.18
"1414",2015,262781,618875989.78
"1415",2015,262633,601776734.91
"1416",2015,262978,10256249040.97
"1417",2015,275808,532785300.63
"1418",2015,276227,992059627.9
"1419",2015,276111,528063618.63
"1420",2015,253316,2986969533.44
"1421",2015,253383,770543215.84
"1422",2015,255513,983758300.57
"1423",2015,255661,3109235806.39
"1424",2015,256129,1694365044.49
"1425",2015,75370,27334127926.33
"1426",2015,256455,514211043.94
"1427",2015,257265,464027021.1
"1428",2015,257125,862424449.39
"1429",2015,257966,420843537.2
"1430",2015,258199,448071390.63
"1431",2015,256986,618539256.28
"1432",2015,259047,1833874822.69
"1433",2015,260177,1019359030.88
"1434",2015,260231,2596395461.61
"1435",2015,245585,849007024.19
"1436",2015,244732,8913777351.64
"1437",2015,245551,419443649.98
"1438",2015,245836,1837351442.45
"1439",2015,245941,922134100.31
"1440",2015,246476,675006309.63
"1441",2015,246875,2681622189.39
"1442",2015,249831,771477845.49
"1443",2015,249998,4355144275.01
"1444",2015,247618,2278571948.76
"1445",2015,250627,1775152687.16
"1446",2015,250805,1091587992.1
"1447",2015,261718,1119182957.52
"1448",2015,261602,864025945.1
"1449",2015,251984,739971158.52
"1450",2015,261238,3982664754.72
"1451",2015,261912,2110106247.56
"1452",2015,264334,590315715.23
"1453",2015,261891,4443073749.22
"1454",2015,252921,833347471.74
"1455",2015,253014,4551662844.58
"1456",2015,263958,2554986871.99
"1457",2015,251810,3273167583.4
"1458",2015,250996,543727310.89
"1459",2015,265209,1156915202.25
"1460",2015,265365,760575212.95
"1461",2015,265781,1483904047.17
"1462",2015,263991,863599606.24
"1463",2015,232947,1392834382.44
"1464",2015,232963,547829150.39
"1465",2015,266094,6458268429.09
"1466",2015,266230,866918862.06
"1467",2015,266027,1951769856.72
"1468",2015,81531,3838743623.23
"1469",2015,266621,2026363778
"1470",2015,233129,1779611820.54
"1471",2015,233242,423670864.61
"1472",2015,231401,3652060495.49
"1473",2015,235334,788513762.17
"1474",2015,234516,6383299528.61
"1475",2015,234877,2080336528.91
"1476",2015,236021,2090711925.58
"1477",2015,236195,1864598102.42
"1478",2015,235440,5658493520.25
"1479",2015,238309,798625294.67
"1480",2015,236977,1482510706.02
"1481",2015,237051,2347351113.12
"1482",2015,237108,1232353133.44
"1483",2015,238295,4237234480.1
"1484",2015,239402,1209142151.08
"1485",2015,239500,1458998514.06
"1486",2015,239640,1938963110.81
"1487",2015,240079,2013448092.88
"1488",2015,240702,2247161780.84
"1489",2015,241121,777788661.35
"1490",2015,243132,3791867372.04
"1491",2015,243272,1259349857.45
"1492",2015,242098,835272372.69
"1493",2015,244309,1660177319.52
"1494",2016,253901,808926199.42
"1495",2016,253979,3235981866.43
"1496",2016,254061,1447597951.33
"1497",2016,254843,2114552835.02
"1498",2016,254657,9798007241.6
"1499",2016,259438,238018075.99
"1500",2016,259586,2056980603.14
"1501",2016,260428,3112420472.92
"1502",2016,262340,3870848245.8
"1503",2016,262587,443803166.78
"1504",2016,260771,1013338341.95
"1505",2016,262781,609247390.01
"1506",2016,262633,597866743.8
"1507",2016,262978,10221575263.2
"1508",2016,276111,458202480.5
"1509",2016,276227,935923328.21
"1510",2016,275808,901879623.23
"1511",2016,253383,773947865.23
"1512",2016,253316,2987726151.37
"1513",2016,255513,980867168.64
"1514",2016,255661,3101597234.53
"1515",2016,75370,27177599412.02
"1516",2016,256129,1706862869.63
"1517",2016,256455,521134457.13
"1518",2016,257125,854805873.29
"1519",2016,257265,475732658.23
"1520",2016,256986,618169586.31
"1521",2016,257966,421865300.98
"1522",2016,258199,463733116.99
"1523",2016,259047,1848157509.77
"1524",2016,260231,2609252131.13
"1525",2016,260177,1042634334.3
"1526",2016,261718,1089281235
"1527",2016,261602,876946092.19
"1528",2016,261238,3901106644.79
"1529",2016,261912,2115891655.11
"1530",2016,261891,4397527076.52
"1531",2016,263958,2644470814.45
"1532",2016,264334,627079286.54
"1533",2016,263991,784693071.85
"1534",2016,265209,1177170967.21
"1535",2016,265365,761774057.75
"1536",2016,265781,1478464409.38
"1537",2016,266027,1926962355.58
"1538",2016,266094,6364521171.5
"1539",2016,266230,820752558.18
"1540",2016,266621,2010276755
"1541",2016,81531,3737216588.02
"1542",2016,245585,837418496.78
"1543",2016,244732,9009582172.74
"1544",2016,245551,422610881.52
"1545",2016,245836,1832980180.56
"1546",2016,245941,974627379.57
"1547",2016,246476,659831226.34
"1548",2016,250627,1781029695.97
"1549",2016,250805,1095740351.11
"1550",2016,251984,761204399.6
"1551",2016,250996,551864499.7
"1552",2016,247618,2325579737.3
"1553",2016,246875,2701126886.34
"1554",2016,249831,786435502.93
"1555",2016,249998,4131546380.64
"1556",2016,251810,3233066672.15
"1557",2016,252921,851689153.42
"1558",2016,253014,4556287437.08
"1559",2016,232947,1406236334.56
"1560",2016,232963,545808048.29
"1561",2016,233242,503416634.14
"1562",2016,231401,3660065885.4
"1563",2016,233129,1738283685.34
"1564",2016,234516,6432180930.22
"1565",2016,234877,2068791152.87
"1566",2016,235334,833654103.05
"1567",2016,236021,2141092921.38
"1568",2016,236195,1910462248.43
"1569",2016,235440,5641821316.78
"1570",2016,239640,1887161716.83
"1571",2016,240079,2008189762.52
"1572",2016,238309,796357197.4
"1573",2016,239402,1221533455.75
"1574",2016,238295,4253384292.66
"1575",2016,239500,1455638507.52
"1576",2016,237108,1259998072.14
"1577",2016,236977,1506244469.95
"1578",2016,237051,2254757676.85
"1579",2016,241121,780654548.65
"1580",2016,240702,2301567390.11
"1581",2016,243132,3462765820.92
"1582",2016,243272,1546147441.28
"1583",2016,242098,831817376.5
"1584",2016,244309,1647268034.65
"1585",2017,253901,713889637.87
"1586",2017,253979,3247851156.91
"1587",2017,254061,1430998765.18
"1588",2017,254843,2170316352.52
"1589",2017,254657,9643791384.38
"1590",2017,259586,2165859365.74
"1591",2017,259438,257578198.16
"1592",2017,260428,3150396290.07
"1593",2017,260771,1004847359.67
"1594",2017,262587,488391284.24
"1595",2017,262340,3891488214.97
"1596",2017,262781,635748837.14
"1597",2017,262633,593650766.07
"1598",2017,262978,10091493879.77
"1599",2017,275808,583521944.32
"1600",2017,276227,992066905.19
"1601",2017,276111,460190501.2
"1602",2017,261718,1106607412.96
"1603",2017,261602,879195840.35
"1604",2017,261912,2094742766.11
"1605",2017,261238,3914897061.31
"1606",2017,264334,677995440.48
"1607",2017,263958,3296347834.91
"1608",2017,261891,4477211557.46
"1609",2017,263991,805064383.82
"1610",2017,265209,1190333803.17
"1611",2017,265365,847456106.14
"1612",2017,265781,1507432523.84
"1613",2017,266027,1908899036.3
"1614",2017,266230,838035828.84
"1615",2017,266094,6309087624.18
"1616",2017,266621,2065912776
"1617",2017,81531,3629305759.65
"1618",2017,253316,3006628202.96
"1619",2017,253383,1049081570.68
"1620",2017,255661,3116858411.21
"1621",2017,255513,1017227138.96
"1622",2017,75370,28317749410.49
"1623",2017,256129,1724124814.78
"1624",2017,256455,522543083.85
"1625",2017,257125,910714098.88
"1626",2017,257265,653050088.52
"1627",2017,256986,645365450.1
"1628",2017,257966,436354694.35
"1629",2017,258199,469448563.8
"1630",2017,259047,1864948239.03
"1631",2017,260177,964560596.07
"1632",2017,260231,2653521534.5
"1633",2017,245585,849656850.99
"1634",2017,244732,9037845215.14
"1635",2017,245836,1809120406.31
"1636",2017,245941,1003779480.05
"1637",2017,245551,431851920.09
"1638",2017,246476,707945521.41
"1639",2017,251810,3260431620.11
"1640",2017,250996,539237150.74
"1641",2017,250627,1802762549
"1642",2017,250805,1094786031.94
"1643",2017,251984,767494459.44
"1644",2017,249831,812822834.1
"1645",2017,249998,4170557708.92
"1646",2017,247618,2387081663.25
"1647",2017,246875,2707637578.49
"1648",2017,231401,3803515880.45
"1649",2017,233129,1739775543.89
"1650",2017,233242,527961671.66
"1651",2017,234877,2061101439.13
"1652",2017,232963,558455095.4
"1653",2017,232947,1412891451.49
"1654",2017,253014,4554633779.29
"1655",2017,252921,877883043.59
"1656",2017,235440,5683679075.5
"1657",2017,236021,2114628017.82
"1658",2017,236195,1952015674.17
"1659",2017,236977,1547371688.32
"1660",2017,237051,2246553821.04
"1661",2017,237108,1505478912.5
"1662",2017,234516,6550857290.8
"1663",2017,235334,810806723.55
"1664",2017,239402,1243703131.67
"1665",2017,239500,1520894658.68
"1666",2017,240079,1898217315.21
"1667",2017,239640,1836720663.82
"1668",2017,240702,2401056885.68
"1669",2017,238309,825216464.56
"1670",2017,238295,4377567128.65
"1671",2017,243132,3548878635.53
"1672",2017,243272,1555468712.22
"1673",2017,244309,1686464764.01
"1674",2017,242098,882769714.54
"1675",2017,241121,842167884.6
"1676",2018,260428,3276030000.61
"1677",2018,260771,1103149110.64
"1678",2018,262340,4103913368.56
"1679",2018,262587,483073608.84
"1680",2018,262781,662431964.7
"1681",2018,262633,662511762.04
"1682",2018,262978,10204482594.94
"1683",2018,275808,590863714.62
"1684",2018,276227,1063153997.18
"1685",2018,276111,486470440.09
"1686",2018,261602,890167395.82
"1687",2018,261718,1191646768.26
"1688",2018,261238,4038188939.79
"1689",2018,261912,2101839547.36
"1690",2018,261891,4346243178.82
"1691",2018,264334,632804384.03
"1692",2018,263958,3334280436.88
"1693",2018,263991,802885590.13
"1694",2018,265209,1249659237.2
"1695",2018,265365,865392285.4
"1696",2018,265781,1548200199.77
"1697",2018,266094,6361695576.45
"1698",2018,266027,1951704589.91
"1699",2018,266230,892239191.53
"1700",2018,266621,2429742255
"1701",2018,81531,3425642721.11
"1702",2018,253383,1127369854.82
"1703",2018,253316,3174791041.73
"1704",2018,255513,1076199403.47
"1705",2018,255661,3241253547.28
"1706",2018,75370,24042390951.62
"1707",2018,256129,1745380468.14
"1708",2018,257125,942890189.11
"1709",2018,257265,666022451.02
"1710",2018,256455,539518147.18
"1711",2018,256986,649243292.58
"1712",2018,257966,427441341.92
"1713",2018,258199,511063446.71
"1714",2018,259047,1931207200.57
"1715",2018,260177,1044945473.25
"1716",2018,260231,2676472216.15
"1717",2018,253979,3432921672.71
"1718",2018,253901,791815763.25
"1719",2018,254061,1496047150.57
"1720",2018,254843,2177312698.21
"1721",2018,254657,9916822512.61
"1722",2018,259438,295498320.3
"1723",2018,259586,2146119338.66
"1724",2018,245585,831645809.52
"1725",2018,245836,1772541491.99
"1726",2018,245941,1056326588.97
"1727",2018,245551,442399939.62
"1728",2018,244732,9152437596.62
"1729",2018,246476,723867187.13
"1730",2018,246875,2819741369.72
"1731",2018,247618,2416681885.84
"1732",2018,249831,829324151.31
"1733",2018,249998,4414053249.75
"1734",2018,250996,548368888.57
"1735",2018,250627,1838264674.48
"1736",2018,250805,1145017357.82
"1737",2018,251984,823223306.19
"1738",2018,232947,1525454944.1
"1739",2018,232963,602689404.67
"1740",2018,251810,3372318462.31
"1741",2018,252921,924859760.81
"1742",2018,253014,4615425793.55
"1743",2018,231401,3617870655.3
"1744",2018,233129,1824395548.17
"1745",2018,233242,589116513.12
"1746",2018,234877,2169285665.62
"1747",2018,235334,883589839.29
"1748",2018,234516,6885385369.24
"1749",2018,240079,2014762909.3
"1750",2018,240702,2591437113.42
"1751",2018,235440,5812954979.51
"1752",2018,236021,2122443012.12
"1753",2018,236195,2028952625.5
"1754",2018,239640,1859599720.23
"1755",2018,239402,1231351701.8
"1756",2018,238295,4630846491.93
"1757",2018,239500,1614381593.59
"1758",2018,238309,877763933.92
"1759",2018,237108,1329298521.62
"1760",2018,236977,1557541524.28
"1761",2018,237051,2251143277.14
"1762",2018,243132,3571842535.39
"1763",2018,243272,1552197983.74
"1764",2018,241121,972662139.23
"1765",2018,244309,1774794522.58
"1766",2018,242098,937921195.59
"1767",2019,253901,837820241.59
"1768",2019,253979,3531830628.02
"1769",2019,254061,1532728793.25
"1770",2019,254843,2237641211.05
"1771",2019,259438,281011973
"1772",2019,259586,2225409848.57
"1773",2019,254657,9828356136.86
"1774",2019,260428,3453990434
"1775",2019,260771,1111081563.92
"1776",2019,262340,4369008375.45
"1777",2019,262587,496159733.56
"1778",2019,262633,717749570.62
"1779",2019,262781,687914133.03
"1780",2019,262978,10421639825.86
"1781",2019,275808,615259469.43
"1782",2019,276227,1121288003.26
"1783",2019,276111,552777937.37
"1784",2019,261718,1234194793.22
"1785",2019,261602,886609659.87
"1786",2019,261238,4120888137.65
"1787",2019,261912,2113632003.15
"1788",2019,264334,689587141.25
"1789",2019,263958,3356210796.31
"1790",2019,261891,4301322738.07
"1791",2019,263991,843001435.14
"1792",2019,265209,1383085796.33
"1793",2019,265365,906803916.9
"1794",2019,265781,1584113412.79
"1795",2019,266027,2048840518.43
"1796",2019,266230,922955777.03
"1797",2019,266094,6497670686.81
"1798",2019,266621,2486598005
"1799",2019,81531,3517420320.69
"1800",2019,253383,1112724589.96
"1801",2019,253316,3490256844.3
"1802",2019,255513,1145186959.51
"1803",2019,255661,3311349651.68
"1804",2019,75370,24803117076.12
"1805",2019,256129,1805355589.1
"1806",2019,256455,572667421.64
"1807",2019,257125,959273994.75
"1808",2019,257265,736399673.59
"1809",2019,256986,678395240.35
"1810",2019,257966,463868160.46
"1811",2019,258199,543297545.59
"1812",2019,259047,1980662809.49
"1813",2019,260177,1069180794.46
"1814",2019,260231,2713106895.21
"1815",2019,245585,889346915.66
"1816",2019,244732,9108729815.81
"1817",2019,245836,1820457056.02
"1818",2019,245941,1062490084.39
"1819",2019,245551,432633144.96
"1820",2019,246476,736040162.71
"1821",2019,247618,2499113267.91
"1822",2019,249831,895316420.8
"1823",2019,249998,4384548452.53
"1824",2019,246875,2956396358.76
"1825",2019,251810,3403115935.52
"1826",2019,250996,592243910.25
"1827",2019,252921,999539441.89
"1828",2019,253014,4580394595.78
"1829",2019,232947,1580419678.77
"1830",2019,232963,632228245.05
"1831",2019,250627,1809964964.44
"1832",2019,250805,1148600958.37
"1833",2019,251984,863573685.87
"1834",2019,235334,926412895.29
"1835",2019,234516,7019482358.94
"1836",2019,234877,2301870023.02
"1837",2019,233129,1966693530.78
"1838",2019,231401,3736293674.7
"1839",2019,233242,620834773.45
"1840",2019,235440,5933356185.59
"1841",2019,236021,2100924599.63
"1842",2019,236195,2114458310.14
"1843",2019,238295,4827192762.23
"1844",2019,239500,1611085268.26
"1845",2019,239402,1361040075.52
"1846",2019,238309,989672309.24
"1847",2019,237108,1377293056.17
"1848",2019,236977,1640153325.69
"1849",2019,237051,2251949420.91
"1850",2019,243132,3548201974.52
"1851",2019,243272,1651175972.78
"1852",2019,241121,1038474750.62
"1853",2019,240702,2751507470.24
"1854",2019,240079,2122398702.91
"1855",2019,239640,1936070815.36
"1856",2019,242098,1086300762.67
"1857",2019,244309,1984131915.95
"1858",2020,253901,897356756.4
"1859",2020,253979,3600276170.85
"1860",2020,254061,1486715689.1
"1861",2020,254843,2297172315.45
"1862",2020,259438,284848901.49
"1863",2020,259586,2422016441.49
"1864",2020,254657,9664493637.89
"1865",2020,260428,3560190051.33
"1866",2020,262587,511559382.7
"1867",2020,262340,4343421502.62
"1868",2020,260771,1134541858.21
"1869",2020,262633,732779377.82
"1870",2020,262781,698442740.54
"1871",2020,276227,1210382407.67
"1872",2020,275808,586106116.1
"1873",2020,262978,9180171949.25
"1874",2020,276111,595984360.49
"1875",2020,253383,1164763380.2
"1876",2020,253316,3518485501.02
"1877",2020,255513,1184579412.52
"1878",2020,255661,3458911443.11
"1879",2020,75370,25869761330.13
"1880",2020,256129,1881558226.3
"1881",2020,256455,585966281.95
"1882",2020,257125,937510370.79
"1883",2020,257265,792594414.38
"1884",2020,256986,620885687.05
"1885",2020,257966,470574446.94
"1886",2020,258199,563148155.33
"1887",2020,259047,2037835546.97
"1888",2020,260177,1058161868
"1889",2020,260231,2710400851.4
"1890",2020,261718,1310916518.44
"1891",2020,261602,883819130.08
"1892",2020,261238,4252052537.86
"1893",2020,261912,2143531478.19
"1894",2020,263958,3394814873.35
"1895",2020,264334,714935338.91
"1896",2020,261891,4093443306.03
"1897",2020,263991,851839231.12
"1898",2020,265209,1530133189.7
"1899",2020,265365,945486396.08
"1900",2020,265781,1614963750.88
"1901",2020,266027,2094105785.83
"1902",2020,266230,959759528.28
"1903",2020,266094,7012703698.16
"1904",2020,266621,2313639079
"1905",2020,81531,3338707936.97
"1906",2020,245585,980136802.59
"1907",2020,245836,2023603666.75
"1908",2020,245941,1061422342.22
"1909",2020,245551,431312078.12
"1910",2020,244732,9134529571.75
"1911",2020,246476,751862709.37
"1912",2020,246875,3019314699.84
"1913",2020,249831,902249718.93
"1914",2020,249998,4305759435.53
"1915",2020,247618,2607037893.07
"1916",2020,250627,1815698103.62
"1917",2020,250805,1227125316.82
"1918",2020,251984,892356528.86
"1919",2020,251810,3410805958.19
"1920",2020,250996,606978971.08
"1921",2020,233242,636504442.5
"1922",2020,233129,2125922013.45
"1923",2020,231401,4060318134.93
"1924",2020,234877,2333607382.51
"1925",2020,232947,1580680392.27
"1926",2020,232963,666275786.54
"1927",2020,252921,1014363315.45
"1928",2020,253014,4600304386.43
"1929",2020,234516,7062818349.09
"1930",2020,235334,929463578.68
"1931",2020,236021,2153586040.52
"1932",2020,236195,2150977200.58
"1933",2020,235440,6101257513.85
"1934",2020,236977,1713167701.35
"1935",2020,237051,2295026127.52
"1936",2020,237108,1449115172.83
"1937",2020,238309,1069740052.69
"1938",2020,239402,1488240694.9
"1939",2020,238295,5038513558.97
"1940",2020,239500,1683929521.9
"1941",2020,239640,1998234010.11
"1942",2020,241121,1012717805.53
"1943",2020,243132,3578184753.81
"1944",2020,243272,1636574715.78
"1945",2020,240702,2879587271.78
"1946",2020,240079,2380457701.42
"1947",2020,242098,1118339581.52
"1948",2020,244309,1978384649.27
"1949",2013,248801,2113643420.77
"1950",2013,262633,515786750.12
"1951",2013,260428,3044083479.53
"1952",2013,260771,972628476.19
"1953",2013,262340,3817135862.88
"1954",2013,262781,623250264.52
"1955",2013,262587,428195384.43
"1956",2013,248266,852550634.92
"1957",2013,248789,826360206.86
"1958",2013,268810,8452627420.3
"1959",2013,270211,2303355558.51
"1960",2013,270059,1024471088.71
"1961",2013,271560,835373952.87
"1962",2013,271632,2397953174.16
"1963",2013,271888,628309492.29
"1964",2013,267449,1872724111.7
"1965",2013,267538,671949782.92
"1966",2013,268321,674659499.36
"1967",2013,269247,1076263702.12
"1968",2013,262978,10336966704.24
"1969",2013,275336,1443194753.84
"1970",2013,276111,468987279.01
"1971",2013,275808,481948844.66
"1972",2013,276227,988629443.9
"1973",2013,277037,1354476011.61
"1974",2013,277177,1530532754.2
"1975",2013,277444,1417982227.55
"1976",2013,274968,558804096.59
"1977",2013,272523,534437287.93
"1978",2013,272868,1573737904.89
"1979",2013,272876,676728968.27
"1980",2013,272728,1212540133.44
"1981",2013,274046,8426840831.9
"1982",2013,273571,510816968.58
"1983",2013,274101,632715256.87
"1984",2013,274879,707840518.34
"1985",2013,279102,1083855623.49
"1986",2013,279943,1569375961.98
"1987",2013,279978,1119810181.5
"1988",2013,44992785,47287835792.16
"1989",2013,276944,1997088009.03
"1990",2013,277819,2254118556.18
"1991",2013,278360,2160581927.21
"1992",2013,278475,2163836563.26
"1993",2013,278653,1287439557.02
"1994",2013,279773,1425350132.64
"1995",2013,279676,958976290.33
"1996",2013,279846,604014833
"1997",2013,279072,714905753.03
"1998",2013,282481,321781502.35
"1999",2013,283061,1833176753.64
"2000",2013,283193,461891059.63
"2001",2013,283347,649644463.63
"2002",2013,281859,752529914.44
"2003",2013,281964,785185652.57
"2004",2013,282651,601912103.84
"2005",2013,282707,629065311.68
"2006",2013,282979,300156479.46
"2007",2013,283509,546892701.93
"2008",2013,286010,5490450433.1
"2009",2013,287113,659354350.74
"2010",2013,287351,1777019027.48
"2011",2013,287172,973223792.43
"2012",2013,286745,880502625.46
"2013",2013,284301,1448378388.38
"2014",2013,284611,570948917.05
"2015",2013,284653,85752390.24
"2016",2013,283924,8084238181.97
"2017",2013,284891,1955192287.1
"2018",2013,285030,862904864.09
"2019",2013,285455,1120339322.93
"2020",2013,288659,3778241625.28
"2021",2013,284165,1274573573.27
"2022",2013,291463,2203824613.44
"2023",2013,289931,578880751.45
"2024",2013,289965,347814583.82
"2025",2013,290629,2892261816.77
"2026",2013,288365,368409113.31
"2027",2013,293881,2533916872.01
"2028",2013,293199,250260876.55
"2029",2013,291676,530737052.57
"2030",2013,292311,679625691.52
"2031",2013,292427,1193087634.04
"2032",2013,291471,2907042096.3
"2033",2013,294136,1397082537.5
"2034",2013,295671,1104801425.09
"2035",2013,295841,2094666116.47
"2036",2013,294900,573819097.32
"2037",2013,299138,1076110260.81
"2038",2013,299529,1046519750.64
"2039",2013,297755,493198183.8
"2040",2013,299308,13250283800.61
"2041",2013,297852,888221702.35
"2042",2013,299634,1467587620.51
"2043",2013,298077,1637220542.44
"2044",2013,298212,1913517714.54
"2045",2013,298221,788539252.78
"2046",2013,297534,3734792963.62
"2047",2013,297488,4391287054.88
"2048",2013,295892,1241143605.5
"2049",2013,296317,1067460435.16
"2050",2013,296139,1729587009.67
"2051",2013,296651,450221501.35
"2052",2013,296759,480470635.21
"2053",2013,297313,2504738731.52
"2054",2013,296643,2660828775.51
"2055",2013,297437,1198825612.38
"2056",2013,297577,1315686230.36
"2057",2013,297569,1635436707.16
"2058",2013,845451,38443860740.24
"2059",2013,301311,1093631477.19
"2060",2013,301493,460764119.99
"2061",2013,300535,5938424594.12
"2062",2013,300292,720219717.91
"2063",2013,300063,676210921.26
"2064",2013,300870,495777432.57
"2065",2013,301825,2252704365.42
"2066",2013,303038,923675238.48
"2067",2013,303640,705935446.55
"2068",2013,304450,1897759949.18
"2069",2013,303461,2206141075.02
"2070",2013,304271,740520617.55
"2071",2013,304387,2117610374.05
"2072",2013,302724,860971478.78
"2073",2014,284165,1286224527.34
"2074",2014,284301,1610313020.38
"2075",2014,284611,583424000.27
"2076",2014,284653,125483893.35
"2077",2014,287351,1859342750.24
"2078",2014,283924,8239843707.47
"2079",2014,287113,664100159.32
"2080",2014,287172,1014674520.81
"2081",2014,291463,2235147819.27
"2082",2014,291471,2863789578.08
"2083",2014,304450,1985615336.31
"2084",2014,304387,2203555405.27
"2085",2014,304271,769422703.19
"2086",2014,288659,3824521024.27
"2087",2014,288365,369661075.91
"2088",2014,299529,1077743889.59
"2089",2014,299138,1425269693.8
"2090",2014,301311,1175315977.23
"2091",2014,301493,533175560.82
"2092",2014,299308,13199810846.52
"2093",2014,299634,1487072077.29
"2094",2014,301825,2197118704.47
"2095",2014,303038,939799396.1
"2096",2014,303640,702438426.14
"2097",2014,303461,2281705490.07
"2098",2014,302724,865788302.34
"2099",2014,270211,2320743436.84
"2100",2014,270059,1031452005.42
"2101",2014,273571,573927741.23
"2102",2014,274101,653436361.69
"2103",2014,274046,8622403346.06
"2104",2014,277177,1512003401.96
"2105",2014,277444,1521325074.61
"2106",2014,277037,1381479132.08
"2107",2014,276944,2086128340.34
"2108",2014,279846,650618785.31
"2109",2014,279072,723419542.4
"2110",2014,278653,1268416277.77
"2111",2014,279676,897018382.37
"2112",2014,279773,1481360702.68
"2113",2014,279102,1134745138.35
"2114",2014,269247,1115731581.98
"2115",2014,268810,8701088307.88
"2116",2014,271632,2469621951.86
"2117",2014,271888,661551104.34
"2118",2014,271560,832707187.75
"2119",2014,272868,1658388834.52
"2120",2014,272876,674101431.46
"2121",2014,272523,559556093.12
"2122",2014,272728,1220831462.46
"2123",2014,274968,580562567.71
"2124",2014,274879,746477481.95
"2125",2014,275336,1453085007.57
"2126",2014,278360,2136587299.81
"2127",2014,278475,2251429288.82
"2128",2014,277819,2215041820.89
"2129",2014,295892,1167667590.55
"2130",2014,296139,1704750186.7
"2131",2014,296317,1094028497.29
"2132",2014,296651,547134646.88
"2133",2014,297313,2613596727.57
"2134",2014,296759,469193953.1
"2135",2014,296643,2698812034.7
"2136",2014,297437,1198785105.24
"2137",2014,297577,1399120400.19
"2138",2014,297569,1812221961.11
"2139",2014,845451,39390648272.47
"2140",2014,300535,6001446664.55
"2141",2014,300292,711725772.83
"2142",2014,297852,918602934.95
"2143",2014,300870,474202018.9
"2144",2014,300063,589090246.95
"2145",2014,297755,526138765.6
"2146",2014,297534,3757342359.52
"2147",2014,297488,4779427894.2
"2148",2014,298077,1764086826.44
"2149",2014,298212,1709217257.33
"2150",2014,298221,833170605.78
"2151",2014,267538,694346698.68
"2152",2014,248801,2297915906.74
"2153",2014,267449,1957007655.38
"2154",2014,248789,890875568.59
"2155",2014,248266,917822076.68
"2156",2014,268321,710029323.89
"2157",2014,286745,770648645.56
"2158",2014,289931,583103077.53
"2159",2014,286010,5720571831.59
"2160",2014,289965,355954913.71
"2161",2014,290629,3019039217.21
"2162",2014,295841,2157166852
"2163",2014,295671,1247854508.57
"2164",2014,294136,1592155810.38
"2165",2014,279943,1639226821.3
"2166",2014,294900,628181537.87
"2167",2014,279978,1115032336.24
"2168",2014,281964,792686454.67
"2169",2014,282651,751539560.42
"2170",2014,283509,617913131.72
"2171",2014,282707,721656529.79
"2172",2014,281859,643919880.96
"2173",2014,282979,308386858.19
"2174",2014,44992785,47697369442.03
"2175",2014,291676,545625021.55
"2176",2014,283347,669386313.17
"2177",2014,284891,1971949905.47
"2178",2014,285455,1166001094.06
"2179",2014,285030,999689561.32
"2180",2014,282481,320081500.72
"2181",2014,283061,1883305863.85
"2182",2014,283193,469572792.95
"2183",2014,293881,2609175674.86
"2184",2014,293199,249373057.77
"2185",2014,292427,1228550516.89
"2186",2014,292311,672850323.64
"2187",2015,270211,2377881128.64
"2188",2015,270059,1056410189.6
"2189",2015,273571,583967121.12
"2190",2015,274101,665765319.97
"2191",2015,274046,8836334564.36
"2192",2015,277177,1542391985.28
"2193",2015,277444,1710610640.44
"2194",2015,277037,1413771233.26
"2195",2015,276944,2124199206.45
"2196",2015,278653,1264809586.06
"2197",2015,279676,891313838.62
"2198",2015,279846,648242620.73
"2199",2015,279072,819304787.27
"2200",2015,279773,1470145060.6
"2201",2015,279102,1160262785.79
"2202",2015,288659,3353913326.23
"2203",2015,288365,343821478.01
"2204",2015,299529,1112617330.48
"2205",2015,299308,13056841373.6
"2206",2015,299634,1540404463.3
"2207",2015,301311,1236700672.06
"2208",2015,299138,1584299137.97
"2209",2015,301493,548951093.96
"2210",2015,301825,2203957403.74
"2211",2015,303038,1036204895.85
"2212",2015,303640,732758164.73
"2213",2015,303461,2387148979.08
"2214",2015,302724,874253505.15
"2215",2015,269247,1112207309.18
"2216",2015,271632,2551959734.08
"2217",2015,271888,737354634.7
"2218",2015,271560,852833596.83
"2219",2015,268810,8778880964.2
"2220",2015,272876,679651685.88
"2221",2015,272868,1683728453.52
"2222",2015,272523,582112133.78
"2223",2015,274879,761810962.25
"2224",2015,274968,586908258.81
"2225",2015,272728,1260061439.26
"2226",2015,275336,1465045283.74
"2227",2015,278475,2212262705.95
"2228",2015,277819,2213352510.35
"2229",2015,278360,2146272415.29
"2230",2015,284165,1304468123.56
"2231",2015,284301,1502932767.62
"2232",2015,284611,591954762.52
"2233",2015,284653,120458647.02
"2234",2015,283924,8319295085.98
"2235",2015,287351,1916590034.54
"2236",2015,287113,691476298.83
"2237",2015,287172,1017160073.56
"2238",2015,291463,2293312194.39
"2239",2015,291471,2934081446.74
"2240",2015,304450,2085274844.56
"2241",2015,304387,2193978912.5
"2242",2015,304271,793155266.75
"2243",2015,296317,1110154478.94
"2244",2015,295892,1174494731.9
"2245",2015,296651,454423510.66
"2246",2015,297313,2673084677.27
"2247",2015,296759,484339701.11
"2248",2015,296139,1676922139.95
"2249",2015,296643,2777112597.73
"2250",2015,297437,1217357986.22
"2251",2015,297577,1425175069.15
"2252",2015,297569,1997914095.01
"2253",2015,298077,1807334910.62
"2254",2015,298212,1703071763.2
"2255",2015,298221,859250797.62
"2256",2015,297534,4085967720.53
"2257",2015,297488,4758435422.59
"2258",2015,297755,576206746.3
"2259",2015,297852,1047060472.54
"2260",2015,300063,621398641.1
"2261",2015,300870,494911691.68
"2262",2015,845451,39747553081.49
"2263",2015,300292,723729914.27
"2264",2015,300535,6044996965.26
"2265",2015,248266,987670910.62
"2266",2015,248789,921648739.42
"2267",2015,267538,689041400.69
"2268",2015,248801,2360671937.66
"2269",2015,267449,2050613167.13
"2270",2015,268321,732443032.82
"2271",2015,286745,812702268.35
"2272",2015,289965,364172946.36
"2273",2015,290629,3137302904.2
"2274",2015,289931,624805282
"2275",2015,286010,6678424900.47
"2276",2015,295841,2246595674.78
"2277",2015,294136,1650075951.14
"2278",2015,295671,1277325892.76
"2279",2015,294900,746712482.25
"2280",2015,279978,1164900029.42
"2281",2015,279943,1674448310.36
"2282",2015,44992785,48263069024.17
"2283",2015,283347,738417546.57
"2284",2015,281859,698717479.31
"2285",2015,282979,310033354.95
"2286",2015,281964,814802825.27
"2287",2015,282651,634300657.61
"2288",2015,283509,690429977.26
"2289",2015,282707,801529069.45
"2290",2015,283193,493967697.86
"2291",2015,282481,294299196.92
"2292",2015,283061,1885460350.85
"2293",2015,292311,671896746.49
"2294",2015,293199,294408207.1
"2295",2015,293881,2607063521.09
"2296",2015,285030,985182604.8
"2297",2015,284891,2095870764.87
"2298",2015,285455,1157715571.96
"2299",2015,292427,1232754535.69
"2300",2015,291676,555857330.85
"2301",2016,284165,1251746258.43
"2302",2016,284301,1476795056.86
"2303",2016,284611,597082329.67
"2304",2016,284653,198817213.34
"2305",2016,287351,2062389061.41
"2306",2016,287113,701265353.58
"2307",2016,283924,8374909917.1
"2308",2016,287172,1018379472.72
"2309",2016,291463,2358314992.14
"2310",2016,291471,2693290618.25
"2311",2016,304450,2106347741.93
"2312",2016,304387,2202039969.84
"2313",2016,304271,809854794.21
"2314",2016,288659,3304497143.5
"2315",2016,288365,343876750.49
"2316",2016,299529,1013676470.1
"2317",2016,299308,12892018387.04
"2318",2016,299634,1351619113.85
"2319",2016,301311,1272321984.15
"2320",2016,301493,539199438.52
"2321",2016,299138,1608394058.44
"2322",2016,301825,2216153597.87
"2323",2016,303038,982483692
"2324",2016,303640,736406143.91
"2325",2016,303461,2448268863.58
"2326",2016,302724,874269229.89
"2327",2016,270059,1066227590.87
"2328",2016,270211,2383840242.41
"2329",2016,273571,585263581.88
"2330",2016,274101,687911909.94
"2331",2016,274046,8834831017.74
"2332",2016,277037,1410246121.8
"2333",2016,277177,1568546172.76
"2334",2016,277444,1586589946.28
"2335",2016,276944,2114643202.81
"2336",2016,279676,904887955.73
"2337",2016,279072,980262064.75
"2338",2016,279846,645993032.69
"2339",2016,278653,1270495909.95
"2340",2016,279773,1458543321.46
"2341",2016,279102,1203389871.03
"2342",2016,269247,1109802915.94
"2343",2016,268810,8851310143.46
"2344",2016,271560,819506064.06
"2345",2016,271632,2587517617.84
"2346",2016,271888,741875371.85
"2347",2016,272523,584894747.36
"2348",2016,272868,1736467183.2
"2349",2016,272876,680540995.37
"2350",2016,272728,1266138281.17
"2351",2016,274968,605606876.06
"2352",2016,274879,767212970.72
"2353",2016,275336,1495678620.78
"2354",2016,278360,2124565140.3
"2355",2016,277819,2218064562.34
"2356",2016,278475,2199328202.45
"2357",2016,295892,1185469164.16
"2358",2016,296651,467545078.53
"2359",2016,296759,488192650.43
"2360",2016,297313,2674243573.4
"2361",2016,296317,1116400269.36
"2362",2016,296139,1734300788.33
"2363",2016,296643,2729063644.94
"2364",2016,297577,1406466325.08
"2365",2016,297437,1178653770.13
"2366",2016,297488,4705692593.34
"2367",2016,297534,4150459031.43
"2368",2016,297569,2068011920.61
"2369",2016,298077,1792628349.71
"2370",2016,298212,1776058877.72
"2371",2016,298221,648188196.78
"2372",2016,300063,594907967.86
"2373",2016,297755,591367581.64
"2374",2016,297852,1043850839.19
"2375",2016,300870,491579211.89
"2376",2016,248266,1002510793.97
"2377",2016,248789,917439200.05
"2378",2016,267449,2048413793.17
"2379",2016,267538,759798169.42
"2380",2016,248801,2403506502.13
"2381",2016,845451,39801247541.61
"2382",2016,300292,708393150.91
"2383",2016,300535,6001537586.33
"2384",2016,286745,847827594.64
"2385",2016,268321,749241286.63
"2386",2016,289931,629612489
"2387",2016,286010,6729060955.45
"2388",2016,289965,367798234.08
"2389",2016,290629,3169688416.87
"2390",2016,295841,2352853495.69
"2391",2016,295671,1293455009.87
"2392",2016,294136,1630399420.49
"2393",2016,294900,772938089.5
"2394",2016,279943,1737495192.57
"2395",2016,279978,1235948745.5
"2396",2016,44992785,48528760062.58
"2397",2016,281859,729535352.74
"2398",2016,282979,349891581.17
"2399",2016,281964,843639742.68
"2400",2016,282651,643601667.52
"2401",2016,283509,702604785.08
"2402",2016,282707,856675319.46
"2403",2016,283061,1853980004.25
"2404",2016,283347,730551979.05
"2405",2016,283193,488020413.42
"2406",2016,282481,302791405.4
"2407",2016,284891,2100573262.21
"2408",2016,285455,1159482422.74
"2409",2016,285030,1028676979.02
"2410",2016,293199,290665184.22
"2411",2016,293881,2505497453.78
"2412",2016,292427,1204531753.49
"2413",2016,292311,676145053.02
"2414",2016,291676,544239476.55
"2415",2017,284165,1248238425.22
"2416",2017,284653,212829691.22
"2417",2017,284301,1496960161.94
"2418",2017,284611,602202982.69
"2419",2017,287113,730254539.87
"2420",2017,283924,8437077310.79
"2421",2017,287351,2060216979.46
"2422",2017,287172,1039102875.65
"2423",2017,291463,2466801157.83
"2424",2017,291471,2718639578.67
"2425",2017,304450,2145033866.84
"2426",2017,304387,2238826669.57
"2427",2017,304271,823873472.73
"2428",2017,288659,3433799275.02
"2429",2017,288365,347302250.6
"2430",2017,299529,1021328965.46
"2431",2017,299308,12930896861.32
"2432",2017,301311,1332128527.81
"2433",2017,299138,1651436672.26
"2434",2017,299634,1395270493.6
"2435",2017,301493,598997635.2
"2436",2017,301825,2182945727.62
"2437",2017,303038,984731741.02
"2438",2017,303640,771151383.52
"2439",2017,302724,1078418814.24
"2440",2017,303461,2596184717.28
"2441",2017,269247,1141222926.15
"2442",2017,268810,8766057033.16
"2443",2017,271560,842714977.07
"2444",2017,271632,2648633954.59
"2445",2017,271888,758585688.61
"2446",2017,272868,1793527218.07
"2447",2017,272876,686805401.28
"2448",2017,272523,614484466.36
"2449",2017,274879,783539868.98
"2450",2017,272728,1309616302.66
"2451",2017,274968,625439343.53
"2452",2017,275336,1529083248.15
"2453",2017,277819,2266942683.24
"2454",2017,278360,2118597641.83
"2455",2017,278475,2205942188.34
"2456",2017,270211,2383578702.59
"2457",2017,270059,1115380634.24
"2458",2017,274101,733272388.71
"2459",2017,273571,589507483.55
"2460",2017,274046,9037745409.72
"2461",2017,277444,1618157586.45
"2462",2017,277037,1394282543.69
"2463",2017,277177,1603702521.8
"2464",2017,276944,2090210044.76
"2465",2017,278653,1289103399.06
"2466",2017,279676,984138962.61
"2467",2017,279072,984021827.35
"2468",2017,279846,619393647.33
"2469",2017,279773,1511370352.14
"2470",2017,279102,1223404255.65
"2471",2017,295892,1267986549.25
"2472",2017,296759,524891630.95
"2473",2017,297313,2693121723.97
"2474",2017,296651,490446992.1
"2475",2017,296317,1164052362.08
"2476",2017,296139,1793677908.7
"2477",2017,296643,2832793708.54
"2478",2017,297437,1204845203.19
"2479",2017,297577,1425264493.63
"2480",2017,297534,4034600276.76
"2481",2017,297488,4810025230.02
"2482",2017,297569,2155465520.01
"2483",2017,298077,1882177782.78
"2484",2017,298212,1791875782.21
"2485",2017,298221,876620269.7
"2486",2017,300535,5974567798.77
"2487",2017,300292,700023874.52
"2488",2017,845451,38526505657.26
"2489",2017,300870,537360565.4
"2490",2017,300063,610472917.2
"2491",2017,297852,1062380395.81
"2492",2017,297755,611832921.84
"2493",2017,248266,1085607707.22
"2494",2017,248789,977214408.76
"2495",2017,286745,892858294.65
"2496",2017,268321,758456016.92
"2497",2017,267449,2074594357.49
"2498",2017,267538,800957551.75
"2499",2017,248801,2473323817.13
"2500",2017,289931,649957661.2
"2501",2017,286010,6699683428.22
"2502",2017,289965,393040961.16
"2503",2017,290629,3129269653.56
"2504",2017,295841,2302827091.67
"2505",2017,295671,1301165663.24
"2506",2017,294136,1692689974.86
"2507",2017,44992785,49987234121.76
"2508",2017,279943,1741260480.3
"2509",2017,294900,801448201.8
"2510",2017,279978,1272586908.47
"2511",2017,283061,1861399893.51
"2512",2017,283347,802076207.13
"2513",2017,283193,516149879.65
"2514",2017,282481,337674937.49
"2515",2017,282707,753549155.81
"2516",2017,282979,396666277.7
"2517",2017,281859,739303325.84
"2518",2017,281964,858519311.72
"2519",2017,282651,504682445.94
"2520",2017,283509,717223015.66
"2521",2017,293199,293332514.72
"2522",2017,293881,2547571698.09
"2523",2017,284891,2276126266.85
"2524",2017,285455,1230691404.4
"2525",2017,285030,1041136463.69
"2526",2017,292311,737358850.38
"2527",2017,291676,543233347.88
"2528",2017,292427,1415700224.15
"2529",2018,284165,1252737221
"2530",2018,284301,1556688191.75
"2531",2018,284611,640548167.94
"2532",2018,284653,214026151.76
"2533",2018,288365,348380098.65
"2534",2018,288659,3684181742.7
"2535",2018,283924,8745424609.84
"2536",2018,287351,2043007397.66
"2537",2018,287113,736929147.06
"2538",2018,299529,1007259198.51
"2539",2018,291463,2463290277.05
"2540",2018,291471,2910494919.66
"2541",2018,287172,1097861503.42
"2542",2018,299308,13247418532.99
"2543",2018,299634,1472134501.12
"2544",2018,301311,1415270578.4
"2545",2018,299138,1692863175.69
"2546",2018,301493,541509127.23
"2547",2018,304450,2240971599.51
"2548",2018,304387,2391688314.56
"2549",2018,303038,1121572127.27
"2550",2018,303640,786281572.56
"2551",2018,304271,751373668.74
"2552",2018,301825,2344541447.66
"2553",2018,302724,1151296837.71
"2554",2018,303461,2655498373.1
"2555",2018,270211,2377865895.12
"2556",2018,270059,1151756731.37
"2557",2018,273571,616753529.6
"2558",2018,274101,816699598.31
"2559",2018,274046,9320028093.82
"2560",2018,277177,1752912033.99
"2561",2018,277444,1827682328.84
"2562",2018,277037,1478789820.76
"2563",2018,279676,1031891856.17
"2564",2018,276944,2087948396.21
"2565",2018,278653,1357796503.38
"2566",2018,279072,975045109.71
"2567",2018,279846,626341738.84
"2568",2018,279773,1578584719.5
"2569",2018,279102,1358985112.55
"2570",2018,295892,1316717838.72
"2571",2018,296317,1219750981.1
"2572",2018,296139,1861405305.54
"2573",2018,296759,553748690.02
"2574",2018,297313,2796929745.75
"2575",2018,296651,551289865.01
"2576",2018,296643,2842537480.02
"2577",2018,297569,2269267614.62
"2578",2018,297437,1233145544.49
"2579",2018,297577,1537637725.76
"2580",2018,297534,4082288370.9
"2581",2018,297488,4911595329.09
"2582",2018,297755,657931632.37
"2583",2018,298077,1974845485.77
"2584",2018,298212,1824867915.27
"2585",2018,298221,909616236
"2586",2018,300063,695199985.67
"2587",2018,300870,570024011.25
"2588",2018,297852,1095017915.13
"2589",2018,845451,39156284397.18
"2590",2018,300535,5231662438.32
"2591",2018,300292,715622732.3
"2592",2018,269247,1174933227.6
"2593",2018,271560,799201292.86
"2594",2018,271632,2753211123.94
"2595",2018,271888,814355734.25
"2596",2018,268810,8821535415.52
"2597",2018,272523,691542675.58
"2598",2018,272868,1925605887.93
"2599",2018,272876,705938489.36
"2600",2018,272728,1344251931.65
"2601",2018,274968,726062063.19
"2602",2018,274879,829657406.99
"2603",2018,275336,1588931451.41
"2604",2018,248266,1187736671.45
"2605",2018,248789,1162645139.86
"2606",2018,278475,2320704102.69
"2607",2018,277819,2325096198.17
"2608",2018,278360,2287405494.44
"2609",2018,286745,907076904.8
"2610",2018,268321,789337406.69
"2611",2018,267449,2220268355.54
"2612",2018,267538,832414194.8
"2613",2018,248801,2533888187.95
"2614",2018,286010,6844535592.36
"2615",2018,290629,3194479774.37
"2616",2018,289931,719162153.2
"2617",2018,289965,395116309.31
"2618",2018,295671,1363679256.79
"2619",2018,294136,1696970409.29
"2620",2018,295841,2429342384.48
"2621",2018,281859,771814542.69
"2622",2018,281964,1069289832.3
"2623",2018,44992785,52791034427.14
"2624",2018,294900,764640967.5
"2625",2018,279943,1760927650.74
"2626",2018,279978,1327619982.63
"2627",2018,283509,800227454.98
"2628",2018,282707,794065462.43
"2629",2018,282979,497758518.57
"2630",2018,282651,525330987.75
"2631",2018,282481,380353492.78
"2632",2018,285455,1263530349.18
"2633",2018,285030,997999167.98
"2634",2018,284891,2364580965
"2635",2018,283061,1997746621.11
"2636",2018,283347,876413776.99
"2637",2018,283193,606289254.34
"2638",2018,293199,339220067.15
"2639",2018,293881,2617102964.24
"2640",2018,291676,588755401.8
"2641",2018,292311,825754909.91
"2642",2018,292427,1441632530.38
"2643",2019,284165,1258387815.11
"2644",2019,284611,662173169.01
"2645",2019,284653,224468976.85
"2646",2019,284301,1722579254.84
"2647",2019,283924,8845532349.14
"2648",2019,287113,710362439.65
"2649",2019,287351,2064649684.55
"2650",2019,287172,1114049399.96
"2651",2019,291471,2974351862.53
"2652",2019,291463,2524231733.3
"2653",2019,304450,2289736452.27
"2654",2019,304387,2484440630.77
"2655",2019,304271,777649766.22
"2656",2019,288659,3747740149.56
"2657",2019,288365,366719104.42
"2658",2019,299529,1039774641.67
"2659",2019,299138,1744114246.83
"2660",2019,301311,1463746721.21
"2661",2019,301493,575409219.4
"2662",2019,299634,1528309072.89
"2663",2019,299308,13292645849.79
"2664",2019,301825,2429054078.37
"2665",2019,303038,1041833839.6
"2666",2019,303640,805765828.36
"2667",2019,303461,2812465618.86
"2668",2019,302724,1105692534.1
"2669",2019,269247,1216875204.26
"2670",2019,270211,2373939910.36
"2671",2019,270059,1241004676.81
"2672",2019,268810,8851808586.59
"2673",2019,271632,2800745943.03
"2674",2019,271888,820897692.64
"2675",2019,271560,827875099.28
"2676",2019,273571,640247513.88
"2677",2019,274101,870299941.32
"2678",2019,272523,697036946.84
"2679",2019,272876,756714943.01
"2680",2019,272868,1855286419.96
"2681",2019,274046,9550429725.91
"2682",2019,277037,1512603816.77
"2683",2019,277177,1709576428.89
"2684",2019,277444,1967476959.53
"2685",2019,272728,1414811179.33
"2686",2019,274968,781626615.75
"2687",2019,274879,853717119.99
"2688",2019,275336,1716179996.36
"2689",2019,276944,2120065318.79
"2690",2019,278653,1438087170.97
"2691",2019,279072,1003245827.26
"2692",2019,279846,652365323.89
"2693",2019,279676,1033785282.64
"2694",2019,278360,2204995798.22
"2695",2019,278475,2377034478.4
"2696",2019,277819,2427215646.93
"2697",2019,279773,1550185365.11
"2698",2019,279102,1426042906.26
"2699",2019,296317,1281461645.22
"2700",2019,296139,1945918060.09
"2701",2019,295892,1210147289.48
"2702",2019,297313,2817814964.87
"2703",2019,296651,606536163.17
"2704",2019,296759,600053181.46
"2705",2019,296643,2891129093.39
"2706",2019,297437,1316769521.57
"2707",2019,297577,1604442125.3
"2708",2019,297569,2306488427.85
"2709",2019,297534,4103312473.83
"2710",2019,297488,4916164002.44
"2711",2019,298212,1901200925.23
"2712",2019,298077,1984636492.68
"2713",2019,298221,981300936.83
"2714",2019,297755,662715813.41
"2715",2019,845451,39565370534.71
"2716",2019,300292,729436498.99
"2717",2019,300535,5424174262.74
"2718",2019,248266,1240294951.64
"2719",2019,248789,1216650764.01
"2720",2019,297852,1129015465.42
"2721",2019,300870,574735442.33
"2722",2019,300063,649258941.36
"2723",2019,267449,2279426703.29
"2724",2019,267538,891464019.79
"2725",2019,248801,2581435397.95
"2726",2019,268321,838587985.25
"2727",2019,289931,656095781.54
"2728",2019,286010,7074024415.52
"2729",2019,289965,423161148.39
"2730",2019,290629,3325389661.96
"2731",2019,295841,2429837154.73
"2732",2019,295671,1404702399.02
"2733",2019,294136,1722170037.4
"2734",2019,286745,973278744.54
"2735",2019,294900,830099596.46
"2736",2019,279943,1834999169.96
"2737",2019,279978,1391158720.76
"2738",2019,44992785,55520032009.5
"2739",2019,281859,823375798.82
"2740",2019,281964,1173653323.85
"2741",2019,285030,1026841258.03
"2742",2019,284891,2404734867.9
"2743",2019,285455,1302256918.14
"2744",2019,282481,331915853.23
"2745",2019,283061,2013665749.87
"2746",2019,283347,981200118.69
"2747",2019,283193,691688332.95
"2748",2019,282979,617581009.15
"2749",2019,282651,662149110.96
"2750",2019,283509,959844462.16
"2751",2019,282707,835925331.61
"2752",2019,292311,915088892.01
"2753",2019,291676,619587088.16
"2754",2019,292427,1419374764.96
"2755",2019,293199,330897567.09
"2756",2019,293881,2560419959.85
"2757",2020,284165,1284521846.51
"2758",2020,284301,1774533230.29
"2759",2020,284611,699567967.56
"2760",2020,284653,216924636.5
"2761",2020,287113,735181045.96
"2762",2020,283924,8930933363.17
"2763",2020,287351,2086855956.13
"2764",2020,287172,1147856374.69
"2765",2020,291471,3027343864.55
"2766",2020,291463,2564706224.35
"2767",2020,304450,2392283592.03
"2768",2020,304387,2523251546.3
"2769",2020,304271,787437735.07
"2770",2020,288659,4005091532.63
"2771",2020,288365,351621809.94
"2772",2020,299529,1169623469.75
"2773",2020,301311,1530363375.67
"2774",2020,299138,1767595795.24
"2775",2020,301493,614456134.26
"2776",2020,299634,1524200279.66
"2777",2020,299308,13355617735.33
"2778",2020,301825,2395320151.08
"2779",2020,303640,856895250.67
"2780",2020,303038,1077904254.23
"2781",2020,303461,2911101629.68
"2782",2020,302724,1118073955.64
"2783",2020,296317,1324470922.53
"2784",2020,295892,1257232539.07
"2785",2020,297313,2835428751.21
"2786",2020,296651,657952590.84
"2787",2020,296759,611049939.55
"2788",2020,296139,2067097331.94
"2789",2020,296643,2965413840.34
"2790",2020,297569,2326900809.48
"2791",2020,297437,1212861380.23
"2792",2020,297577,1648295363.21
"2793",2020,297534,4164981612.67
"2794",2020,297488,5057568342.86
"2795",2020,298077,2006897227.03
"2796",2020,298212,1954573067.63
"2797",2020,298221,1001983530.87
"2798",2020,269247,1234404124.86
"2799",2020,297755,664005105.66
"2800",2020,300870,619808768.4
"2801",2020,300063,684921658.07
"2802",2020,297852,1180703519.31
"2803",2020,268810,8942106143.87
"2804",2020,271560,862912124.89
"2805",2020,271632,2830598530.89
"2806",2020,271888,884594467.95
"2807",2020,300535,5284014901.8
"2808",2020,300292,735667829.13
"2809",2020,845451,40582073383.18
"2810",2020,272868,1885768174.6
"2811",2020,272876,791525797.73
"2812",2020,272523,727719465.36
"2813",2020,274968,828370593.81
"2814",2020,274879,878871343.39
"2815",2020,272728,1430688508.82
"2816",2020,275336,1745560627.66
"2817",2020,278360,2288050546.38
"2818",2020,278475,2436118618.93
"2819",2020,277819,2458383924.67
"2820",2020,270059,1297272926.68
"2821",2020,270211,2440341431.66
"2822",2020,273571,637438541.39
"2823",2020,274101,904043545.34
"2824",2020,274046,9796664163.73
"2825",2020,277177,1739336313.77
"2826",2020,277444,2017313215.32
"2827",2020,277037,1488637917.76
"2828",2020,279846,669351703.23
"2829",2020,279773,1565303144.74
"2830",2020,278653,1472768782.99
"2831",2020,279676,1046162482.83
"2832",2020,279072,1056599629.47
"2833",2020,248266,1319849816.1
"2834",2020,248789,1204964560.05
"2835",2020,279102,1437604254.07
"2836",2020,276944,2117115965.98
"2837",2020,267449,2337865896.01
"2838",2020,267538,961766079.92
"2839",2020,248801,2695223452.34
"2840",2020,295841,2618996324.62
"2841",2020,295671,1441680187.3
"2842",2020,294136,1736168605.31
"2843",2020,290629,3397998798.66
"2844",2020,289931,725258458.32
"2845",2020,286010,7184141595.64
"2846",2020,289965,467236038.65
"2847",2020,268321,863455623.34
"2848",2020,286745,1054208227.24
"2849",2020,44992785,58204213824.14
"2850",2020,279943,1883786338.25
"2851",2020,279978,1353187678.87
"2852",2020,281859,949306738.22
"2853",2020,281964,1163034152.34
"2854",2020,294900,895839217.25
"2855",2020,283509,997466854.37
"2856",2020,282707,834710936.5
"2857",2020,282979,774069301.16
"2858",2020,282651,955917332.95
"2859",2020,282481,322515908.32
"2860",2020,283061,2062443365.95
"2861",2020,283193,673562910.3
"2862",2020,284891,2475795783.3
"2863",2020,285455,1347641107.78
"2864",2020,285030,1041841367.09
"2865",2020,283347,1053250379.45
"2866",2020,293199,473808743.55
"2867",2020,293881,2660866074.74
"2868",2020,292311,924683993.31
"2869",2020,291676,663607247.44
"2870",2020,292427,1389290213.99
