"","year","Identification.number.of.the.beneficiary","Total.eligible.expenditures.charged.in.payment.applications","Expenditures.charged.in.payment.application...Union.support"
"1","2016","00075370",9106003.3,7740102.79
"2","2016","00081531",29403631.25,24993086.5
"3","2016","00232947",3407571.42,2896435.7
"4","2016","00234516",2993524.79,2544496.06
"5","2016","00234877",4848563.75,4121279.16
"6","2016","00235334",5795182.05,4925904.72
"7","2016","00235440",14230902.06,4269270.61
"8","2016","00236195",99805859.82,84834980.81
"9","2016","00236977",2906784.56,2470766.83
"10","2016","00237051",7356800,6253280
"11","2016","00237108",7999055.21,6799196.92
"12","2016","00238309",16321034.08,13872878.96
"13","2016","00239500",500921.85,425783.57
"14","2016","00240079",11419240,9706354
"15","2016","00240702",3154415.35,2681253.04
"16","2016","00241121",7747630,6585485.5
"17","2016","00242098",21669444.06,18419027.45
"18","2016","00243132",20721509.56,17613283.09
"19","2016","00243272",1042196.96,885867.41
"20","2016","00244309",7250693.77,6163089.7
"21","2016","00245836",3027587.6,2573449.43
"22","2016","00247618",15288813,12995491.04
"23","2016","00248266",2928364.74,2489110.02
"24","2016","00248801",3850482.3,3272909.95
"25","2016","00249831",2323353.18,1974850.2
"26","2016","00250996",1459865,1240885.25
"27","2016","00253014",46316585.98,28262804.98
"28","2016","00253979",3743720.4,3182162.34
"29","2016","00254061",279125,237256.25
"30","2016","00255661",13510953.59,11484310.55
"31","2016","00256129",2538746.17,2157934.24
"32","2016","00256986",10596402.04,9006941.73
"33","2016","00260428",10601631.19,9011386.5
"34","2016","00261602",7285283.68,6192491.12
"35","2016","00261718",5837160.99,4961586.82
"36","2016","00261891",16901059.97,14365900.97
"37","2016","00261912",13364408.73,11359747.36
"38","2016","00262978",34111149.74,28994477.25
"39","2016","00263958",7229145,6144773.25
"40","2016","00264334",1310619.91,1114026.9
"41","2016","00265781",13646376.51,11599420.03
"42","2016","00266027",15325865.73,13026985.85
"43","2016","00266094",12608009,10716807.63
"44","2016","00266230",6082819.15,5170396.27
"45","2016","00267449",15798275.39,13428534.07
"46","2016","00267538",5670689.8,4820086.33
"47","2016","00268810",13988081.92,11889869.61
"48","2016","00269247",3617863.75,3075184.15
"49","2016","00270211",4593343.43,3904341.9
"50","2016","00271632",7879157,6697283.45
"51","2016","00271888",336060,285651
"52","2016","00272523",582801.78,495381.49
"53","2016","00272868",1134375,964218.75
"54","2016","00274046",19891245.8,16907558.92
"55","2016","00274101",17992834.61,15293909.41
"56","2016","00274879",7724640,6565944
"57","2016","00274968",114760,97546
"58","2016","00276944",72445847.76,61578970.56
"59","2016","00277177",787520.07,669392.04
"60","2016","00278653",931700,791945
"61","2016","00279072",4657816.11,3959143.65
"62","2016","00279102",1334386.29,1134228.33
"63","2016","00279676",7480072.5,5355160.12
"64","2016","00279846",1184573.43,1006887.4
"65","2016","00279978",21742075.65,18480764.29
"66","2016","00281859",2857555.4,2428922.09
"67","2016","00282481",18203572.67,15473036.76
"68","2016","00282651",2854938,2426697.3
"69","2016","00282707",3004374.8,2553718.58
"70","2016","00282979",2607918.39,2216730.63
"71","2016","00283193",8317393,6441409.3
"72","2016","00283509",7138721.55,6067913.31
"73","2016","00283924",1294597.5,1100407.85
"74","2016","00284301",6100138.85,5185118.01
"75","2016","00284891",3621855.3,3078576.94
"76","2016","00286010",2720480,2312408
"77","2016","00287113",1770631.03,451510.91
"78","2016","00287172",1859410.16,1580498.58
"79","2016","00287351",2949326.22,2506927.25
"80","2016","00288659",494409,420247.65
"81","2016","00289931",4055134.39,3446864.2
"82","2016","00289965",2588190.76,2199962.11
"83","2016","00290629",4826835.88,4102810.48
"84","2016","00291463",1506166.2,1280241.27
"85","2016","00291471",3898160,3313436
"86","2016","00292311",5199355.95,4419452.54
"87","2016","00292427",1380182.5,1173155.1
"88","2016","00293199",18778008.08,15961306.84
"89","2016","00293881",2605493.58,2214669.54
"90","2016","00294136",38556405.81,14134869.41
"91","2016","00294900",1341452.79,1140234.85
"92","2016","00295841",2236131.84,1900712.04
"93","2016","00295892",8764216.79,7449584.25
"94","2016","00296139",4648781,3951463.83
"95","2016","00296317",3066933.05,920079.91
"96","2016","00296643",28885138.05,8719167.93
"97","2016","00296651",19829156.45,16854782.97
"98","2016","00296759",3874819.5,3293596.57
"99","2016","00297313",3290698.32,2797093.57
"100","2016","00297437",7740237.82,6579202.14
"101","2016","00297488",6352894.32,5399960.14
"102","2016","00297534",5079197.37,4317317.74
"103","2016","00297577",14744592.04,6076662.77
"104","2016","00297755",3434853.82,2919625.73
"105","2016","00297852",2280140.6,1938119.5
"106","2016","00298077",13280439.51,11288373.57
"107","2016","00298212",2054050.97,1745943.32
"108","2016","00298221",1749821.82,1487348.53
"109","2016","00299138",2552847.61,2169920.46
"110","2016","00299308",17763464.63,15098944.9
"111","2016","00299529",2796887.5,2377354.36
"112","2016","00299634",13751336.53,11688636.05
"113","2016","00300870",3311678.86,993503.65
"114","2016","00301825",3074971.2,2613725.52
"115","2016","00302724",29528722.62,25099414.21
"116","2016","00303038",8357331.48,7103731.75
"117","2016","00303461",18970176.6,16124650.1
"118","2016","00304387",3035628.41,2580284.14
"119","2016","00304450",5331480.15,4531758.12
"120","2016","00845451",99935811.99,84945440.06
"121","2016","44992785",97373969.24,83243004.4
"122","2017","00075370",190870728.74,155321479.13
"123","2017","00081531",15357474.02,10288922.4
"124","2017","00231401",96624853.4,80742541.63
"125","2017","00232947",52357687.49,44504034.35
"126","2017","00232963",58051149.87,48914196.17
"127","2017","00233129",8582393.4,7295034.38
"128","2017","00233242",38970266.12,28869138.98
"129","2017","00234516",88638119.95,74984043.1
"130","2017","00234877",92699459.28,74676581.62
"131","2017","00235334",33136121.6,26405303.42
"132","2017","00235440",184100258.21,154469463.35
"133","2017","00236021",27290782.98,20795304.28
"134","2017","00236195",40284772.08,23373258.02
"135","2017","00236977",16335958.86,8426939.39
"136","2017","00237051",26846644.26,19622212.17
"137","2017","00237108",16768876.6,9470753.11
"138","2017","00238295",76313328.17,61481521.66
"139","2017","00238309",34483380.19,29081161.64
"140","2017","00239402",25677715.97,21826058.54
"141","2017","00239500",13345094,9341565.8
"142","2017","00239640",46835746.66,38075061.39
"143","2017","00240079",15106069.2,12840158.81
"144","2017","00240702",32751390.49,27612164.19
"145","2017","00241121",104148013.79,87713205.26
"146","2017","00242098",11732085.02,9972272.19
"147","2017","00243132",51179216.38,43502333.86
"148","2017","00243272",37499470.88,31874550.24
"149","2017","00244309",63677462.68,40729133.27
"150","2017","00244732",83407555.62,66382973.55
"151","2017","00245551",13137310.63,11166714.03
"152","2017","00245585",1152870.34,691722.2
"153","2017","00245836",67708306.23,36735318.85
"154","2017","00245941",16795322,13442154.8
"155","2017","00246476",55445890.32,47129006.76
"156","2017","00246875",26850358.07,22822804.34
"157","2017","00247618",1908953.03,1324764.3
"158","2017","00248266",11835695.59,6497984.83
"159","2017","00248789",86975972.05,73929576.21
"160","2017","00248801",7462433,6343068.05
"161","2017","00249831",2235500,1900175
"162","2017","00249998",37525930.02,31792789.91
"163","2017","00250627",20831570.5,12575253.35
"164","2017","00250805",7275865.95,6184486.04
"165","2017","00251810",47436296.86,38092482.91
"166","2017","00251984",27113552.66,22001659.49
"167","2017","00252921",37420028.15,31902840.33
"168","2017","00253014",41889881.58,30547325.06
"169","2017","00253316",94998124.17,41714276.51
"170","2017","00253901",5167874.02,4392692.91
"171","2017","00253979",50914565.46,27526466.58
"172","2017","00254061",10153661.92,7294025.8
"173","2017","00254657",16693024.68,14189070.94
"174","2017","00254843",3372117.65,2866300
"175","2017","00255513",6387555.53,5429422.16
"176","2017","00255661",73232534.94,50253737.32
"177","2017","00256129",2347056,1994997.6
"178","2017","00256455",5282631.5,4490236.77
"179","2017","00256986",2694269.32,2290128.9
"180","2017","00257125",1185800,1007930
"181","2017","00257265",2220350,1887297.5
"182","2017","00257966",3183723.75,2517056.76
"183","2017","00259438",50638026.2,37568062.91
"184","2017","00259586",13126839.66,10547240.96
"185","2017","00260177",60941132.94,49545787.33
"186","2017","00260231",20644503.63,17301709.17
"187","2017","00260428",67318198.29,27145487.66
"188","2017","00260771",1450628.78,1233034.46
"189","2017","00261238",73749121.1,61529156.79
"190","2017","00261602",12714750,9054055.5
"191","2017","00261718",77587174.64,60706157.67
"192","2017","00261891",81486599.98,61485489.43
"193","2017","00261912",13402883.74,11392451.14
"194","2017","00262340",33993399.94,16508963.11
"195","2017","00262587",23831106.13,11653116.98
"196","2017","00262633",27560966.3,22173134.33
"197","2017","00262781",31974683.63,25278030.11
"198","2017","00262978",118393245.65,99862916.56
"199","2017","00263958",25015838.14,21263462.39
"200","2017","00263991",35299596.02,29089065.78
"201","2017","00264334",29580605.81,13920964.16
"202","2017","00265209",5358877.18,4555045.6
"203","2017","00265365",16732581.88,14222694.59
"204","2017","00265781",44740918.6,31614833.31
"205","2017","00266027",24922637.4,18026609.85
"206","2017","00266094",33479623.12,28457679.48
"207","2017","00266230",16352527.57,13899648.43
"208","2017","00266621",97451983.66,43257982.07
"209","2017","00267449",6430888.18,5069068.87
"210","2017","00267538",7349109.82,6246743.34
"211","2017","00268321",19597710.55,16658053.94
"212","2017","00268810",32445053.01,27578295.01
"213","2017","00269247",5590764.7,4394533.15
"214","2017","00270059",20428531.94,16571780.27
"215","2017","00270211",17059066.21,11137507.15
"216","2017","00271560",15835675.92,13264681.62
"217","2017","00271632",50610318.31,27047896.81
"218","2017","00271888",19704516.4,16748838.92
"219","2017","00272523",51798274.72,42348698.15
"220","2017","00272868",37509649.21,30816594.18
"221","2017","00272876",38313026.5,27766805.92
"222","2017","00273571",10368900.41,8813565.32
"223","2017","00274046",23669925.8,14160808.71
"224","2017","00274101",32123734.26,21520266.83
"225","2017","00274879",10677803.64,9076133.08
"226","2017","00274968",27962614.64,21436555.5
"227","2017","00275336",8330661.78,7081062.5
"228","2017","00275808",30660277.03,26061235.42
"229","2017","00276111",8926764.9,7416870.27
"230","2017","00276227",1450548,1232965.8
"231","2017","00276944",33598830.45,25483950.34
"232","2017","00277037",29587278.72,24597006.89
"233","2017","00277177",15106470.76,10236677.6
"234","2017","00277444",107222248.07,91138910.78
"235","2017","00277819",84245639.69,71608793.71
"236","2017","00278360",40472351.88,34401499.07
"237","2017","00278475",60570762.15,51467935.3
"238","2017","00278653",48743777.18,28544089.07
"239","2017","00279072",68882298.21,58549953.43
"240","2017","00279102",1508496.34,1282221.88
"241","2017","00279676",47598107.72,36833554.33
"242","2017","00279773",719950,611957.5
"243","2017","00279846",18541322.45,7745288.78
"244","2017","00279943",12963177.02,11018700.44
"245","2017","00279978",86638837.38,68957801.01
"246","2017","00281859",24798386.2,21078628.26
"247","2017","00281964",21375203.62,17662647.62
"248","2017","00282481",1674398,1423238.3
"249","2017","00282651",10205677,7402184.58
"250","2017","00282707",33157550.57,27605614.63
"251","2017","00282979",21998290.14,18581109.61
"252","2017","00283061",20230586.53,17195998.48
"253","2017","00283193",28637301.49,25291943.61
"254","2017","00283347",47571844.98,40436068.21
"255","2017","00283509",84503327.74,71827828.53
"256","2017","00283924",98554004.76,79498050.08
"257","2017","00284165",28518864.57,17954646.95
"258","2017","00284301",53434636.94,30757248.89
"259","2017","00284611",18755483.29,14656328.74
"260","2017","00284891",22974249.55,19528112.07
"261","2017","00285030",38740750.08,28929557.75
"262","2017","00285455",31592938.71,20861643.27
"263","2017","00286010",40300575.73,32159845
"264","2017","00286745",35552750.22,30219837.66
"265","2017","00287113",3004786.88,1091666.12
"266","2017","00287172",41706652.1,34088883.7
"267","2017","00287351",26697020.92,19086831.25
"268","2017","00288365",19991766.29,16993001.3
"269","2017","00288659",31350674.58,19390184.4
"270","2017","00289931",11590184.59,9851656.85
"271","2017","00289965",3593712.25,2969420.71
"272","2017","00290629",42260627.78,32160738.91
"273","2017","00291463",26580918.22,20153118.76
"274","2017","00291471",7169603.61,5304268.4
"275","2017","00291676",3343388.13,2841879.89
"276","2017","00292311",144294175.18,122650048.86
"277","2017","00293199",21435407.75,18220096.55
"278","2017","00293881",10302969.66,8757524.2
"279","2017","00294136",12326193.85,10477264.76
"280","2017","00294900",33405717.08,26776763.02
"281","2017","00295671",13680964,10646032.45
"282","2017","00295841",21218366.48,14188287.88
"283","2017","00295892",32894530.3,21847136.93
"284","2017","00296139",25187997.5,10626820.58
"285","2017","00296317",29748820.92,11585134.65
"286","2017","00296643",81326120.41,33910972.88
"287","2017","00296651",33632487.32,20237319.5
"288","2017","00296759",42548369.48,36166114.04
"289","2017","00297313",17049366.12,14491961.18
"290","2017","00297437",25643494.56,16154998.34
"291","2017","00297488",121870636.05,70187151.89
"292","2017","00297534",54855783.24,46627415.73
"293","2017","00297569",83528982.37,47076693.94
"294","2017","00297577",48649733.72,23572461.59
"295","2017","00297755",49537262.25,42106672.85
"296","2017","00297852",19971185.42,9183331.76
"297","2017","00298077",71198400.11,46101015.64
"298","2017","00298212",33453092.41,13720585.26
"299","2017","00298221",3387412.85,2557886.13
"300","2017","00299138",27175465.48,23099145.63
"301","2017","00299308",276165080.16,212539632.05
"302","2017","00299529",29000499.73,24479147.31
"303","2017","00299634",69978761.95,43194950.32
"304","2017","00300063",33958907.98,23095319.99
"305","2017","00300292",404691,343987.35
"306","2017","00300535",103285957.19,81813083.14
"307","2017","00300870",5284556,3249134.64
"308","2017","00301311",13871492.31,7514515.33
"309","2017","00301493",6447941.24,4998342.52
"310","2017","00301825",57250121.88,37286859.85
"311","2017","00302724",42838440.66,36412674.48
"312","2017","00303038",73484962.26,62462217.9
"313","2017","00303461",17297590.12,8258597.9
"314","2017","00303640",30273646.85,12980658.72
"315","2017","00304271",18009201.94,13187383.2
"316","2017","00304387",44510560.67,29925203.37
"317","2017","00304450",44177331.4,20452581.92
"318","2017","00845451",225746509.89,138872063.09
"319","2017","44992785",603623449.99,422381392.28
"320","2018","00075370",251838783,213527212.42
"321","2018","00081531",21823576.37,18550039.78
"322","2018","00231401",222222222,188888888.7
"323","2018","00232947",6201690.27,5891605.74
"324","2018","00233129",106841166.05,85124421
"325","2018","00233242",7964925.89,7168433.3
"326","2018","00234516",46988259.58,39940020.51
"327","2018","00234877",43216032.49,36878758.4
"328","2018","00235334",29511385.27,25084677.34
"329","2018","00235440",78096606.17,66382115.21
"330","2018","00236021",4828720.05,1448616.01
"331","2018","00236195",30828167.45,26203942.3
"332","2018","00236977",47464241.54,37540404.12
"333","2018","00237051",1314165.52,788499.31
"334","2018","00237108",6965671.43,5920820.71
"335","2018","00238295",160489711.75,104176281.25
"336","2018","00238309",53684946.66,46056290.96
"337","2018","00239402",15676955.33,11336475.79
"338","2018","00239500",1604210.52,1523999.99
"339","2018","00239640",16497075.85,6922523.43
"340","2018","00240079",8872273.4,7541432.39
"341","2018","00240702",125211307.33,105929813.75
"342","2018","00241121",8390013.3,7131511.3
"343","2018","00242098",45229544.26,31279762.96
"344","2018","00243132",41149899.14,34977414.19
"345","2018","00243272",8755924.38,7442535.71
"346","2018","00244309",15867559.52,13487425.59
"347","2018","00244732",73010932.23,62059292.32
"348","2018","00245551",1424992.31,1353742.69
"349","2018","00245585",24522320.84,20945631.54
"350","2018","00245836",21509540.95,18094008
"351","2018","00245941",3804558.65,3503874.63
"352","2018","00246476",64837617.76,50419658.78
"353","2018","00246875",6246439.57,5309473.63
"354","2018","00247618",2e+06,1900000
"355","2018","00248266",7253744.6,5373936.42
"356","2018","00248801",6143450,5836277.5
"357","2018","00249831",3052497.17,2594622.55
"358","2018","00249998",55428081.68,46751933.51
"359","2018","00250627",7090545,6576963.25
"360","2018","00250805",1969139.19,1870682.23
"361","2018","00250996",1781106.27,1068663.76
"362","2018","00251810",8706137.57,3762342.23
"363","2018","00251984",300280.38,180168.22
"364","2018","00252921",14224119,4970183.4
"365","2018","00253014",69413099.6,47359209.78
"366","2018","00253316",37408613.43,31255966.11
"367","2018","00253383",7997672.55,6798021.66
"368","2018","00253901",16822646.38,14320440.71
"369","2018","00253979",79922463.84,64382453
"370","2018","00254061",14498984,12324136.4
"371","2018","00254657",217207296.48,169837819.23
"372","2018","00254843",1360794.05,1156674.91
"373","2018","00255513",8593406.2,3437362.47
"374","2018","00255661",62700212.03,52619936.81
"375","2018","00256455",2754818.67,2617077.73
"376","2018","00256986",15742430.13,13525832.09
"377","2018","00257125",17873404.99,15673232.13
"378","2018","00257265",74171508.83,63623034.83
"379","2018","00257966",1473054,1252095.9
"380","2018","00258199",6929646,5890199.1
"381","2018","00259047",10158617,7111031.9
"382","2018","00259438",12532858.89,11134616.56
"383","2018","00259586",33728765.12,29124588.04
"384","2018","00260231",3291658.68,2624220.7
"385","2018","00260428",14187876.56,6613602.9
"386","2018","00261238",25877200.03,21995619.93
"387","2018","00261602",13295503.95,6966100.45
"388","2018","00261718",32958641.86,14391638.9
"389","2018","00261891",170229841.17,130797546.83
"390","2018","00261912",6755923.71,6209569.9
"391","2018","00262340",81004572.07,53637809.88
"392","2018","00262633",7057268.09,6280345.96
"393","2018","00262781",14175064.41,12048804.73
"394","2018","00262978",310634378.95,238362537.79
"395","2018","00263958",3982846.66,2787992.66
"396","2018","00265365",2521589.62,2143351.17
"397","2018","00265781",40465809.01,34395937.64
"398","2018","00266027",54209730.67,43123959.81
"399","2018","00266094",33539015.54,28508163.2
"400","2018","00266230",11362005.55,9657704.67
"401","2018","00266621",3803686.61,3233133.58
"402","2018","00267449",83130691.49,70828941.71
"403","2018","00267538",4088629.95,3540556.85
"404","2018","00268321",1696807,1549119.25
"405","2018","00268810",178203862.22,151473282.74
"406","2018","00269247",69406196.63,58995267.11
"407","2018","00270059",57632622.61,45480874.66
"408","2018","00270211",67978444.31,60012843.89
"409","2018","00271560",18842141.22,16541124.26
"410","2018","00271632",29771714.98,20993408.64
"411","2018","00271888",65066187.19,56482494.5
"412","2018","00272523",7719735.22,6907495.77
"413","2018","00272728",4.4e+07,37400000
"414","2018","00272868",25170010.02,21514508.49
"415","2018","00272876",17501597.87,15504198.08
"416","2018","00273571",4850091.59,4162974.75
"417","2018","00274046",152123505.92,129304979.8
"418","2018","00274101",7899955.47,4353891.1
"419","2018","00275808",5751197.27,5463637.4
"420","2018","00276111",18172174.17,13197475.94
"421","2018","00276227",9691767.97,8894137.55
"422","2018","00276944",12972545.31,11026663.43
"423","2018","00277037",1875094.65,1593830.44
"424","2018","00277177",7070230.6,4315970.44
"425","2018","00277444",1329220.74,1129837.6
"426","2018","00277819",12557126.71,11308151.28
"427","2018","00278360",16216074.23,13783663.05
"428","2018","00278475",9134660.26,5068799.07
"429","2018","00278653",11529984.21,8977771.99
"430","2018","00279072",2420969.99,2299921.49
"431","2018","00279102",88979800.04,75765269.19
"432","2018","00279676",4577304.3,3890708.63
"433","2018","00279773",3427370,2913264.48
"434","2018","00279846",6332679.48,5747703.38
"435","2018","00279943",29017949.6,25009439.69
"436","2018","00279978",8972262.51,6819787.05
"437","2018","00281964",43055501.76,35445157.12
"438","2018","00282481",4300439.22,3655373.33
"439","2018","00282651",159599689.86,135569615.07
"440","2018","00282707",24615380.85,20923073.6
"441","2018","00282979",157164102.65,133871596.7
"442","2018","00283061",19708192.35,16751963.44
"443","2018","00283193",54071338.91,44419646.85
"444","2018","00283347",10977498,3293249.4
"445","2018","00283509",24924160.1,17001504.34
"446","2018","00283924",61279878.18,45902358.09
"447","2018","00284165",15134444,13024277.4
"448","2018","00284301",36000513.8,30600436.6
"449","2018","00284611",31872421.6,26080404.23
"450","2018","00284653",8508452.53,4413079.03
"451","2018","00284891",13189256.84,11210868.28
"452","2018","00285030",14378317.03,6804403.27
"453","2018","00285455",12348255.22,4939302.08
"454","2018","00286010",131173241.77,111497255.47
"455","2018","00286745",71216875.9,60534344.5
"456","2018","00287113",4965666.04,4405723.94
"457","2018","00287172",8425071.82,4010940.16
"458","2018","00287351",19910034.75,16312685.68
"459","2018","00288365",4133579.75,3513542.77
"460","2018","00288659",135154766.62,112889428.11
"461","2018","00289931",6477907.96,5506221.64
"462","2018","00289965",23034047.55,19578940.4
"463","2018","00290629",29190657.95,17991251.04
"464","2018","00291463",26954481.86,22461090.29
"465","2018","00291471",46765809.96,30128536.12
"466","2018","00291676",2564411.84,769323.55
"467","2018","00292311",10250372.52,8712816.55
"468","2018","00292427",9958193.47,8464464.44
"469","2018","00293199",110684473.27,93958395.46
"470","2018","00293881",8349449.85,7097032.31
"471","2018","00294136",25558227.29,21724493.06
"472","2018","00294900",3096101.77,2927986.67
"473","2018","00295671",1255221,1066937.85
"474","2018","00295841",51517892.29,42440293.07
"475","2018","00295892",51511446.58,28072751.85
"476","2018","00296139",1274679,1083477.14
"477","2018","00296317",33477502.49,21148384.29
"478","2018","00296651",22207528.49,17760832.96
"479","2018","00296759",10875482.56,9244160.09
"480","2018","00297313",35042846.63,29786419.52
"481","2018","00297437",29031786.24,24677018.3
"482","2018","00297488",63186395.44,47009603.9
"483","2018","00297534",38457663.69,32689013.96
"484","2018","00297569",15000019.38,13435907.74
"485","2018","00297577",31603565.1,19086946.92
"486","2018","00297755",17496713.5,14872206.35
"487","2018","00297852",18161129.66,15612290.29
"488","2018","00298077",98099487.98,80037189.14
"489","2018","00298212",10247632.57,3771031.47
"490","2018","00298221",18932523.72,16621437.87
"491","2018","00299138",7970573,6774987.04
"492","2018","00299308",107697884.11,87515244.65
"493","2018","00299529",25561503.52,21727277.99
"494","2018","00299634",43266628.74,35641551.39
"495","2018","00300063",3125401.57,2656591.3
"496","2018","00300292",16863747.26,15786001.39
"497","2018","00300535",1776208.61,1243346.02
"498","2018","00300870",3427530.72,2913401.06
"499","2018","00301311",54775771.66,46559405.86
"500","2018","00301493",3404981.51,2982559.62
"501","2018","00301825",56699538.44,42838996.38
"502","2018","00302724",7986239.34,7479992.15
"503","2018","00303038",50076773.49,42207764.08
"504","2018","00303461",31318394.38,17275124.76
"505","2018","00304271",48418403.75,39456022.61
"506","2018","00304387",17062259.49,14798580.92
"507","2018","00304450",75068526.74,63808247.63
"508","2018","00845451",319284390.8,215675039.96
"509","2018","44992785",550364400.66,377864196.75
"510","2019","00075370",620118018.72,456732727.28
"511","2019","00081531",31179561.2,21957824.84
"512","2019","00231401",6027742.4,5123581.04
"513","2019","00232947",8516754,5961727.8
"514","2019","00232963",14154220.93,11927561.47
"515","2019","00233129",12636315.42,10740868
"516","2019","00233242",7005051.79,5954294.02
"517","2019","00234516",32675203.38,27773922.82
"518","2019","00234877",6658436.91,5982636.36
"519","2019","00235334",37779145.21,31010502.65
"520","2019","00235440",8106946.31,6242794.55
"521","2019","00236195",0,0
"522","2019","00236977",11583254.08,9743365.58
"523","2019","00237051",52088397.19,44275137.49
"524","2019","00237108",68134634.13,23533599.81
"525","2019","00238295",96182234.99,71934707.31
"526","2019","00238309",8130786.29,7204926.49
"527","2019","00239402",55660573.91,47311487.81
"528","2019","00240079",88534343.68,74596386.71
"529","2019","00240702",127530472.36,108900901.46
"530","2019","00241121",10170449.55,8739721.42
"531","2019","00242098",16102081.25,12881664.99
"532","2019","00243132",36920154.22,31382130.94
"533","2019","00244732",26114273.63,22197132.55
"534","2019","00245551",2094365.06,1989646.8
"535","2019","00245585",1052700,894795
"536","2019","00245836",2253892.4,1915808.54
"537","2019","00245941",2117021.77,1799468.5
"538","2019","00246476",1806371.85,541911.55
"539","2019","00246875",3189659.89,956897.96
"540","2019","00247618",11754868.4,5877434.2
"541","2019","00248266",8912127.06,8466520.69
"542","2019","00248789",0,0
"543","2019","00249831",9118425.31,7750661.48
"544","2019","00249998",11057882.43,9399200.01
"545","2019","00250627",3646396,1640878.2
"546","2019","00250996",25188083.07,19843199.58
"547","2019","00251810",571734.14,543147.43
"548","2019","00251984",25144648.28,21870646.78
"549","2019","00252921",5923214.79,3701666.85
"550","2019","00253316",24153382.18,22945713.07
"551","2019","00253901",6649335.95,5651935.51
"552","2019","00253979",1762970,1498524.5
"553","2019","00254061",24154134.3,20531014.15
"554","2019","00254657",24744266.62,21032626.58
"555","2019","00254843",1741395,1480185.75
"556","2019","00255513",17020705.07,5870724.13
"557","2019","00255661",54207297.37,25568143.04
"558","2019","00256129",14267958.76,13382146.92
"559","2019","00256455",24364979.97,23146730.96
"560","2019","00257125",1698447.96,1443680.76
"561","2019","00257265",508200,431970
"562","2019","00257966",8413476.45,7151454.94
"563","2019","00259047",30784106.73,27750053.78
"564","2019","00259438",3682964.21,2863351.57
"565","2019","00260177",2e+06,1900000
"566","2019","00260231",8551775,8124186.25
"567","2019","00260428",79910312.42,41095218.55
"568","2019","00260771",0,0
"569","2019","00261238",6172754.79,5242907.53
"570","2019","00261602",2983578.25,1193431.3
"571","2019","00261718",41332533.48,35132653.45
"572","2019","00261891",3245871.45,2758990.72
"573","2019","00261912",23970782,20375164.65
"574","2019","00262340",65546231.74,54865262.88
"575","2019","00262587",0,0
"576","2019","00262633",8649561.86,5267840.02
"577","2019","00262781",9787327.08,4155597.24
"578","2019","00262978",172852676.75,146924775.16
"579","2019","00263958",3587098.06,3407743.15
"580","2019","00263991",9207821.27,7826648.07
"581","2019","00264334",23268366.18,13049893.8
"582","2019","00265365",3486547.24,2963565.15
"583","2019","00266027",3369970.02,2864474.5
"584","2019","00266094",84702490.12,53171783.14
"585","2019","00266230",19115893.11,14796357.24
"586","2019","00266621",6986199.22,3695640.14
"587","2019","00267449",58518398.46,50017737.05
"588","2019","00267538",9796801.78,8681702.31
"589","2019","00268321",9738650.55,8277852.94
"590","2019","00268810",16274347.91,13833195.7
"591","2019","00270059",10393889.77,6432471.27
"592","2019","00270211",4382192.25,3764002.63
"593","2019","00271560",2574204.21,2188073.56
"594","2019","00271632",28924579.02,17644820.71
"595","2019","00272523",6253079.35,2621161.11
"596","2019","00272728",97590164,82951639.4
"597","2019","00272868",2032428.1,1930806.69
"598","2019","00272876",1762138.27,1233496.78
"599","2019","00273571",16334337.68,13884187.02
"600","2019","00274046",73690485.85,65219161.2
"601","2019","00274879",341497.39,324422.52
"602","2019","00274968",2267183.58,1974443.17
"603","2019","00275808",19358916.8,16845970.95
"604","2019","00276111",95076445.52,77968094.67
"605","2019","00276227",40290002,34544765.79
"606","2019","00276944",50376104.58,43263796.83
"607","2019","00277177",7930567.85,6580536.67
"608","2019","00277444",1346470.73,1144500.11
"609","2019","00277819",10175888.06,8490626
"610","2019","00278360",14159393.1,6744807.53
"611","2019","00278475",11146217.89,9474285.2
"612","2019","00278653",16464618.47,8200936.36
"613","2019","00279072",3529546.91,3000114.84
"614","2019","00279102",6473358.23,6149690.31
"615","2019","00279773",4130157.91,1860232.66
"616","2019","00279846",1578944,1499996.79
"617","2019","00279943",1827100,1553035
"618","2019","00279978",7072466.34,6011596.35
"619","2019","00281859",15846667.94,12605098.76
"620","2019","00282707",14094116.48,12179999
"621","2019","00282979",12223017.61,10389564.95
"622","2019","00283061",4597068.09,4367214.68
"623","2019","00283193",38356944.69,32603402.94
"624","2019","00283509",6306214.11,5360281.92
"625","2019","00283924",69337324.02,58936725.38
"626","2019","00284165",10489357.65,7269728.4
"627","2019","00284301",13952678.88,11859777
"628","2019","00284611",7013628.09,6203689.06
"629","2019","00284891",2734332.86,2324182.89
"630","2019","00285030",21462711.41,18643141.27
"631","2019","00285455",17977157.14,12531991.1
"632","2019","00286010",20967193.56,17822114.48
"633","2019","00286745",2049592.46,1947112.83
"634","2019","00287113",15602109.29,13435035.05
"635","2019","00287351",84743809.51,59833268.13
"636","2019","00288365",4508489.01,3832215.64
"637","2019","00288659",40092256.02,22125791.45
"638","2019","00289931",1571185,1335507.24
"639","2019","00289965",13997983.03,11898285.57
"640","2019","00290629",17979089.77,13017752.02
"641","2019","00291463",78630040.27,64915167.14
"642","2019","00291471",6530287.05,5550743.98
"643","2019","00291676",0,0
"644","2019","00292311",3937402.84,3346792.39
"645","2019","00293199",27701355.46,23546152.14
"646","2019","00293881",9911162.35,8424487.92
"647","2019","00294136",5448194.3,5175784.58
"648","2019","00294900",6623058.87,5629599.98
"649","2019","00295671",25765487.12,22254129.21
"650","2019","00295841",11794689.24,11046581.85
"651","2019","00295892",36955265.63,16874158.89
"652","2019","00296139",37148347.57,31576095.33
"653","2019","00296317",10680764.66,9371735.67
"654","2019","00296643",985782.41,837915.02
"655","2019","00296651",4276071,2138035.5
"656","2019","00297313",5425246.61,4611459.61
"657","2019","00297488",174599981.07,116635212.2
"658","2019","00297534",8831103.35,7506437.82
"659","2019","00297569",33248455.83,29945082.55
"660","2019","00297577",22074958.56,13952032.59
"661","2019","00297755",0,0
"662","2019","00297852",6233446.8,5298429.64
"663","2019","00298077",10684538.76,6416956.55
"664","2019","00298212",2684964.65,2550716.41
"665","2019","00298221",4867533.26,3998852.81
"666","2019","00299138",30635746.12,26040384.17
"667","2019","00299308",140036026.53,106210806.48
"668","2019","00299529",24137280.94,20921533.78
"669","2019","00299634",8788222.22,7469988.88
"670","2019","00300063",1042237,416894.8
"671","2019","00300292",1262036.9,1072731.36
"672","2019","00300535",38580911.7,26102335.56
"673","2019","00300870",5443014.03,4626561.91
"674","2019","00301311",17489395.88,14158353.36
"675","2019","00301493",2462934.36,2339787.64
"676","2019","00301825",1081650.52,1081650.52
"677","2019","00302724",41185338.59,35196775.2
"678","2019","00303038",27318819.03,24420996.16
"679","2019","00303461",5.7e+07,48449999.99
"680","2019","00303640",789019.55,749568.57
"681","2019","00304271",18921114.13,13020010.72
"682","2019","00304387",56549245.43,37344209.7
"683","2019","00304450",8246025.96,4087426.83
"684","2019","00845451",193702250.63,147961616.16
"685","2019","44992785",160368605.99,111450096.48
"686","2020","00075370",64285818.74,33169362.45
"687","2020","00081531",7578178.7,6441451.85
"688","2020","00231401",6631275.71,5832421.99
"689","2020","00232947",5241135.5,4331769.35
"690","2020","00232963",4500676,4246627.2
"691","2020","00233129",49154608.31,38959558.03
"692","2020","00233242",0,0
"693","2020","00234516",0,0
"694","2020","00234877",35802727.06,22979075.83
"695","2020","00235334",43040.28,36584.23
"696","2020","00235440",96952270.89,29085681.26
"697","2020","00236195",371470,315749.5
"698","2020","00236977",160227108.53,136193042.21
"699","2020","00237051",3241018.14,2432232.21
"700","2020","00237108",2890950,2067225
"701","2020","00238295",32802452.01,27882084.19
"702","2020","00238309",2300000,2185000
"703","2020","00239402",9044949.52,6331464.66
"704","2020","00239500",3632247.35,3256901.88
"705","2020","00239640",7537960.33,6407266.28
"706","2020","00240079",119856831.37,102298306.63
"707","2020","00240702",6888331.56,5686428.28
"708","2020","00241121",3300878.82,3135834.86
"709","2020","00242098",2144434.03,1941552.81
"710","2020","00243132",3515888.78,2988505.44
"711","2020","00243272",1707711.55,1622325.97
"712","2020","00244732",61528548.22,49707361.4
"713","2020","00245551",2167489.01,1979889.23
"714","2020","00245585",0,0
"715","2020","00245836",9461512.6,8042285.7
"716","2020","00246476",6706808.33,3804372.67
"717","2020","00246875",25787067.68,22245848.21
"718","2020","00249831",15682694,8797502.6
"719","2020","00249998",54474577.47,37419002.33
"720","2020","00250627",386601,309280.8
"721","2020","00250805",884302,797857.89
"722","2020","00250996",1708520,1452242
"723","2020","00251810",1896215.1,1801404.34
"724","2020","00251984",4307631.14,3785730.79
"725","2020","00253014",5789184.6,4113432.16
"726","2020","00253316",7293404.32,6199393.66
"727","2020","00253383",3639830.16,3093855.63
"728","2020","00253901",8404485.91,7143812.98
"729","2020","00253979",0,0
"730","2020","00254657",103374465.27,86738467.47
"731","2020","00254843",35119376.22,30201047.55
"732","2020","00255513",1889307.29,1794841.92
"733","2020","00255661",29754746.59,15095215.97
"734","2020","00256455",804650,683952.5
"735","2020","00256986",6855376.87,5276348.51
"736","2020","00257125",5410990.52,2660449.56
"737","2020","00257265",761035.2,456621.12
"738","2020","00259047",2558061,2174351.85
"739","2020","00259438",162806,97683.6
"740","2020","00259586",3099807.09,2634836.02
"741","2020","00260177",0,0
"742","2020","00260231",12324811.13,3951061.58
"743","2020","00260428",23159123.22,15820974.29
"744","2020","00261238",25340221.62,21539188.35
"745","2020","00261602",6606285.41,5615342.59
"746","2020","00261718",3765923.06,3201034.58
"747","2020","00261891",33839864.82,27844038.13
"748","2020","00261912",1460862.39,1241733.03
"749","2020","00262340",7104619.7,6038926.71
"750","2020","00262587",29353998.57,20613768.34
"751","2020","00262633",15020247.59,6008099.02
"752","2020","00262781",5364926.34,5096680.02
"753","2020","00262978",96894506.44,67710500.66
"754","2020","00263958",32196621.57,28087611.94
"755","2020","00263991",0,0
"756","2020","00264334",0,0
"757","2020","00265209",1455026.04,1294406.31
"758","2020","00265365",7225620,7225620
"759","2020","00266027",20380587.29,17323499.16
"760","2020","00266094",39608198.21,33666968.45
"761","2020","00266230",5089366.49,4449508
"762","2020","00266621",24641650,17249155
"763","2020","00267449",15902814.6,13998149.08
"764","2020","00267538",9122443.02,7494149.04
"765","2020","00268321",0,0
"766","2020","00268810",19819216.52,11590511.57
"767","2020","00269247",12748394.93,10425809.25
"768","2020","00270059",27916280.65,23787784.27
"769","2020","00270211",18552897.36,10990703.65
"770","2020","00271560",5024973.08,4271227.11
"771","2020","00271632",29575451.55,20807663.64
"772","2020","00271888",1500000,1425000
"773","2020","00272523",3083297.76,2929132.87
"774","2020","00272728",7120335.23,6368364.08
"775","2020","00272868",10747164.58,9285089.88
"776","2020","00272876",5221568.58,3601285.94
"777","2020","00273571",9316094.3,7918680.15
"778","2020","00274046",86766793.37,73751774.3
"779","2020","00274101",4568353.94,3441012.36
"780","2020","00274968",8790663.02,3322609.25
"781","2020","00275808",2149494.61,1827070.4
"782","2020","00276111",6713076.73,2013923.01
"783","2020","00276227",38414059.08,27752558.6
"784","2020","00276944",2169337.25,1952403.51
"785","2020","00277037",24652669.95,20338686.84
"786","2020","00277177",10941725.91,7602762.9
"787","2020","00277444",7198464.18,3205261.04
"788","2020","00277819",3210185.28,3049676.01
"789","2020","00278475",900182.05,855172.94
"790","2020","00278653",8961047.63,6675834.04
"791","2020","00279072",5905022.49,2657885.75
"792","2020","00279676",2016786,1714268.09
"793","2020","00279773",1826900.35,1552865.29
"794","2020","00279943",1620432,1377367.2
"795","2020","00279978",3937046.38,3740194.06
"796","2020","00282481",3526018.65,2468213.05
"797","2020","00282651",2048520,1741242
"798","2020","00282707",906669.55,906669.55
"799","2020","00282979",5096477.34,4332005.7
"800","2020","00283061",48199103.38,39752679.61
"801","2020","00283193",15821430.21,13448215.66
"802","2020","00283347",1221353.13,1038150.15
"803","2020","00283509",8068487.51,6634045.18
"804","2020","00283924",40916582.05,29381866.7
"805","2020","00284165",0,0
"806","2020","00284301",1583397.25,1345887.65
"807","2020","00284611",5358317.52,4820991.48
"808","2020","00284891",1817761.37,1526542.42
"809","2020","00285030",20720198.76,16957644.06
"810","2020","00285455",16489482.86,13263437.27
"811","2020","00286010",57225325.2,48431777.66
"812","2020","00286745",0,0
"813","2020","00287113",2594108.41,2206349.56
"814","2020","00287172",11655384.2,11033526.12
"815","2020","00287351",11053387.08,7962936.16
"816","2020","00288365",2362954.11,2065194.48
"817","2020","00288659",14139814.64,11995623.38
"818","2020","00289931",798036.75,678331.22
"819","2020","00289965",1216457.86,948706.91
"820","2020","00290629",7279531.25,6187601.56
"821","2020","00291463",9941783.5,4370114.65
"822","2020","00291471",29176198.93,16911372.09
"823","2020","00291676",3364732.65,2860022.72
"824","2020","00292311",5252025.34,4989424.07
"825","2020","00292427",2893083.14,2314466.51
"826","2020","00294900",7274138.93,6183018.09
"827","2020","00295841",8339573.02,6409332.05
"828","2020","00295892",12349689.96,5358132.02
"829","2020","00296139",4990937.5,4242296.87
"830","2020","00296317",9119435.9,7751520.51
"831","2020","00296643",2088145.75,1135742.47
"832","2020","00296651",40521124.66,34718466.85
"833","2020","00296759",3434332.3,2223767.88
"834","2020","00297313",9975466.97,3920008.18
"835","2020","00297437",2920602.85,1411377.3
"836","2020","00297488",66690736.2,37298665.66
"837","2020","00297534",26268601.37,22328311.15
"838","2020","00297569",11662406.07,7692749.96
"839","2020","00297577",27796896.08,23230441.3
"840","2020","00297755",11944813.5,11150268.17
"841","2020","00297852",1765660.95,1677377.9
"842","2020","00298077",5384032.71,3680073.1
"843","2020","00298212",20769628.44,8015779.79
"844","2020","00298221",19853708.89,16372815.72
"845","2020","00299138",2496571.27,2122085.57
"846","2020","00299308",317964333.55,270269683.39
"847","2020","00299529",40499591.75,30705949.48
"848","2020","00299634",0,0
"849","2020","00300292",6643997.59,2635006.11
"850","2020","00300535",117595546.21,95840201.31
"851","2020","00300870",5231600.18,4446860.13
"852","2020","00301311",24281739.53,20639478.6
"853","2020","00301493",8250822.25,6878007.56
"854","2020","00301825",25988717.4,15415477.22
"855","2020","00302724",28391388.2,11873830.27
"856","2020","00303038",5345094.55,3694243.49
"857","2020","00303461",19546910.29,12601613.37
"858","2020","00303640",17969983.59,15274486.03
"859","2020","00304271",4452289.26,4229674.79
"860","2020","00304387",17742035.11,10564366.09
"861","2020","00304450",6839857.5,2735943
"862","2020","00845451",114810443.38,65617942.82
"863","2020","44992785",328418191.72,276874361.86
"864","2021","00075370",35434831.93,30119607.12
"865","2021","00081531",0,0
"866","2021","00231401",1052755.11,894841.82
"867","2021","00232963",0,0
"868","2021","00234877",0,0
"869","2021","00235334",2600141.51,2470134.43
"870","2021","00236021",738561.2,627777
"871","2021","00237051",1212922.97,1130984.51
"872","2021","00238295",0,0
"873","2021","00239402",1005268.54,854478.25
"874","2021","00239500",911667.5,774917.37
"875","2021","00240079",0,0
"876","2021","00240702",0,0
"877","2021","00241121",0,0
"878","2021","00243272",0,0
"879","2021","00244309",0,0
"880","2021","00244732",19535349,16605046.65
"881","2021","00245585",0,0
"882","2021","00245941",0,0
"883","2021","00246476",7271894.84,5075945.27
"884","2021","00247618",1124056.56,1067853.73
"885","2021","00248789",0,0
"886","2021","00248801",0,0
"887","2021","00249831",6039167.63,3339437.07
"888","2021","00249998",794212.5,675080.62
"889","2021","00250627",285208.5,242427.21
"890","2021","00251810",0,0
"891","2021","00251984",2461360.88,738408.26
"892","2021","00253014",325238.07,276452.33
"893","2021","00253316",12654171.98,10756046.18
"894","2021","00253383",9310848.97,8845306.52
"895","2021","00253901",510399.78,484879.79
"896","2021","00254061",3790000,3600499.98
"897","2021","00254657",4958283.34,4214540.83
"898","2021","00254843",4078940.94,3701970.37
"899","2021","00255661",22479815.38,19107843.07
"900","2021","00257125",0,0
"901","2021","00257265",2215247.48,2104485.09
"902","2021","00257966",988939.86,939492.86
"903","2021","00258199",0,0
"904","2021","00259047",0,0
"905","2021","00259586",0,0
"906","2021","00260177",11504846.94,4601938.77
"907","2021","00261238",0,0
"908","2021","00261602",2000802.85,1900762.7
"909","2021","00261891",4011512,3409785.2
"910","2021","00262340",0,0
"911","2021","00262633",9418538.49,2825561.54
"912","2021","00262781",5475624.57,5201843.34
"913","2021","00262978",36343175.61,30891699.23
"914","2021","00263958",2777492.91,2360868.97
"915","2021","00263991",1188293,1010049.01
"916","2021","00264334",0,0
"917","2021","00265781",524769,498530.55
"918","2021","00266027",316363.12,268908.64
"919","2021","00266094",2416044.5,2053637.82
"920","2021","00266230",105967.96,90072.75
"921","2021","00266621",45136324.63,38365875.92
"922","2021","00267449",1814290.5,1723575.97
"923","2021","00267538",0,0
"924","2021","00268810",6503607.91,5528066.72
"925","2021","00269247",399995,339995.75
"926","2021","00270059",0,0
"927","2021","00270211",7312408.81,6312579.99
"928","2021","00271560",0,0
"929","2021","00271632",5466155.3,4080142.62
"930","2021","00272523",0,0
"931","2021","00272876",1846999.99,1754649.99
"932","2021","00273571",350000,297500
"933","2021","00274046",63618882,54076049.68
"934","2021","00274101",0,0
"935","2021","00274879",1077500,1023625
"936","2021","00274968",799997.4,759997.53
"937","2021","00276111",0,0
"938","2021","00276944",1707528.95,1622152.5
"939","2021","00277177",0,0
"940","2021","00277819",1645351.33,1398548.61
"941","2021","00278475",0,0
"942","2021","00278653",8880606.68,7548515.67
"943","2021","00279072",250313.05,212766.09
"944","2021","00279102",0,0
"945","2021","00279773",0,0
"946","2021","00279846",0,0
"947","2021","00279943",0,0
"948","2021","00279978",804998.42,684248.63
"949","2021","00281859",2299597.87,2184617.97
"950","2021","00281964",0,0
"951","2021","00282481",2413519.49,1448111.68
"952","2021","00282707",825416.2,701603.77
"953","2021","00282979",225416.59,135249.95
"954","2021","00283061",5359612.68,5091632.04
"955","2021","00283193",15673301.38,13322306.16
"956","2021","00283347",0,0
"957","2021","00283509",1229299.4,1044904.49
"958","2021","00283924",2803500.79,2151451.39
"959","2021","00284165",0,0
"960","2021","00284301",0,0
"961","2021","00284611",5519173.55,4691297.51
"962","2021","00284653",0,0
"963","2021","00285030",2416506.49,2295681.16
"964","2021","00285455",4274225.5,3633091.66
"965","2021","00286010",5935152.67,5044879.76
"966","2021","00287113",2426494.35,2305169.62
"967","2021","00287172",60041.25,51035.06
"968","2021","00287351",0,0
"969","2021","00288365",6e+05,570000
"970","2021","00288659",398653.19,338855.21
"971","2021","00289931",929740.56,790279.46
"972","2021","00290629",3262218.37,2772885.6
"973","2021","00291463",1486137.21,1263216.62
"974","2021","00291471",0,0
"975","2021","00291676",27272.5,23181.62
"976","2021","00292311",895226.25,760942.3
"977","2021","00293199",0,0
"978","2021","00293881",0,0
"979","2021","00294136",302645,257248.25
"980","2021","00295841",125847.5,106970.37
"981","2021","00296139",0,0
"982","2021","00296643",4284850.1,3642122.57
"983","2021","00296651",0,0
"984","2021","00297313",0,0
"985","2021","00297488",792965,674020.25
"986","2021","00297569",0,0
"987","2021","00297577",62617.5,53224.87
"988","2021","00297852",2500000,2375000
"989","2021","00298077",6608909.21,5967538.98
"990","2021","00298212",4654510.65,2919913.18
"991","2021","00298221",2226994.37,2066045.38
"992","2021","00299308",8202053.2,6971745.2
"993","2021","00299529",0,0
"994","2021","00299634",0,0
"995","2021","00300063",0,0
"996","2021","00300292",0,0
"997","2021","00300535",7381804.42,2952721.76
"998","2021","00300870",1927077.32,578123.19
"999","2021","00301311",5026502.41,4080243.44
"1000","2021","00301825",11234005.92,4493602.36
"1001","2021","00303038",0,0
"1002","2021","00303461",679112.5,577245.62
"1003","2021","00304271",1622135,1378814.74
"1004","2021","00304387",1058413.11,1005492.45
"1005","2021","00304450",3350925.64,2848286.77
"1006","2021","00845451",28087089,11444797.38
"1007","2021","44992785",65439318.03,55623420.31
"1008","2022","00081531",749436.5,637021.02
"1009","2022","00233129",0,0
"1010","2022","00234516",0,0
"1011","2022","00238295",0,0
"1012","2022","00242098",0,0
"1013","2022","00244732",0,0
"1014","2022","00245551",1141845.14,1084752.88
"1015","2022","00248801",0,0
"1016","2022","00253014",0,0
"1017","2022","00253901",0,0
"1018","2022","00254657",0,0
"1019","2022","00256455",0,0
"1020","2022","00257125",0,0
"1021","2022","00257966",0,0
"1022","2022","00259047",0,0
"1023","2022","00259586",0,0
"1024","2022","00260231",0,0
"1025","2022","00261602",0,0
"1026","2022","00262978",0,0
"1027","2022","00265781",0,0
"1028","2022","00267538",0,0
"1029","2022","00268810",0,0
"1030","2022","00271560",0,0
"1031","2022","00274046",0,0
"1032","2022","00274101",0,0
"1033","2022","00275808",0,0
"1034","2022","00277444",0,0
"1035","2022","00279773",0,0
"1036","2022","00282651",0,0
"1037","2022","00283061",0,0
"1038","2022","00283347",0,0
"1039","2022","00283924",0,0
"1040","2022","00284165",0,0
"1041","2022","00286010",0,0
"1042","2022","00287113",689698.98,655214.03
"1043","2022","00287172",0,0
"1044","2022","00288365",0,0
"1045","2022","00289931",0,0
"1046","2022","00290629",0,0
"1047","2022","00292311",0,0
"1048","2022","00293199",0,0
"1049","2022","00294900",3995102.12,3795347.01
"1050","2022","00296643",635533.5,540203.47
"1051","2022","00297534",0,0
"1052","2022","00297577",0,0
"1053","2022","00298212",0,0
"1054","2022","00299308",0,0
"1055","2022","00299634",0,0
"1056","2022","00302724",0,0
"1057","2022","00303038",0,0
"1058","2022","00304271",6600000,6270000
"1059","2022","00845451",0,0
"1060","2022","44992785",0,0
